NIM,JK,IPS SMT 1,IPS SMT 2,IPS SMT 3,IPS SMT 4,IPS SMT 5,IPS SMT 6,IPS SMT 7,Pekerjaan,Label1
51113006,0,3.09,2.77,2.61,2.66,2.86,2.00,2.67,0,0
51113045,1,3.78,3.48,3.00,3.45,3.14,2.38,3.05,1,1
51113086,1,3.53,3.27,3.18,3.38,3.32,2.50,3.17,1,1
51113032,1,3.55,3.33,3.25,3.45,3.25,2.58,3.25,1,1
51113066,1,3.32,2.78,2.93,3.08,3.07,2.47,3.14,1,0
51113101,1,3.19,3.33,3.21,3.30,3.21,2.57,3.24,1,1
51113077,1,3.36,3.26,3.18,3.23,3.21,2.50,3.17,1,1
51113009,0,3.58,3.32,3.21,3.45,3.36,3.00,3.67,1,1
51113010,1,3.20,2.65,2.82,2.81,2.79,2.34,3.01,0,0
51113017,1,3.50,3.01,3.00,3.45,3.32,2.75,3.42,0,1
51113116,1,2.25,2.14,2.86,3.00,2.79,1.96,2.63,0,0
51113056,0,3.42,3.30,2.68,2.55,3.54,3.06,3.73,1,1
51113091,1,2.83,2.44,3.14,3.26,3.61,2.75,3.42,1,1
51113025,1,3.57,3.43,3.21,3.45,3.25,2.83,3.50,1,1
51113061,0,3.17,2.91,2.89,2.96,2.71,2.42,3.09,1,0
51113033,1,3.40,2.98,3.00,3.15,3.00,2.29,2.96,0,0
51113103,1,3.64,3.84,3.32,3.49,3.46,3.00,3.67,1,1
51113106,0,3.31,3.31,3.43,3.30,3.14,2.92,3.59,1,1
51113107,0,3.81,3.59,3.43,3.60,3.36,3.30,3.97,1,1
51113108,0,1.91,3.52,2.96,3.15,2.07,1.33,2.00,0,0
51113110,0,3.10,3.28,2.79,2.00,2.68,2.68,3.35,0,0
51113111,1,3.89,3.57,3.29,3.34,3.57,2.17,2.84,0,1
51113115,0,3.14,2.65,2.57,3.34,2.93,2.40,3.07,0,0
51113137,0,2.84,3.09,2.61,3.19,3.36,2.00,2.67,0,0
51113140,1,2.92,2.64,2.68,3.11,2.57,2.00,2.67,0,0
51113125,0,3.48,3.15,2.82,3.41,2.82,2.17,2.84,0,0
51113083,0,2.80,2.58,2.93,2.48,2.21,2.04,3.34,0,0
51113085,1,3.51,3.45,3.36,3.45,3.75,2.21,3.51,0,1
51113088,0,2.85,2.88,3.07,3.11,2.64,1.71,3.01,0,0
51113059,0,3.50,2.61,2.89,3.19,3.32,2.11,3.41,0,1
51113030,0,3.41,3.06,2.86,3.19,2.96,2.29,3.59,1,1
51113097,0,3.01,2.88,3.04,2.33,2.50,0.90,2.20,0,0
51113102,0,2.98,2.61,2.86,3.15,2.93,1.96,3.26,1,0
51113069,1,3.77,3.64,3.39,3.53,3.79,2.25,3.55,1,1
51113040,0,3.27,3.49,3.29,3.30,2.00,0.70,2.00,1,0
51113089,1,3.44,3.22,3.32,3.23,3.32,2.38,3.68,0,1
51113071,0,3.06,3.03,2.50,3.38,2.79,1.13,2.43,0,0
51113072,0,3.72,3.57,2.64,3.30,3.79,2.63,3.93,1,1
51113039,1,3.70,3.40,3.04,3.30,3.82,2.42,3.72,1,1
51113041,0,3.16,3.05,2.61,3.19,3.25,2.29,3.59,1,1
51113046,0,3.02,2.94,2.82,3.19,3.39,2.43,3.73,1,1
51113047,0,3.20,3.11,2.89,3.34,3.29,1.83,3.13,1,0
51113012,0,3.30,2.51,2.71,3.04,3.04,1.21,2.51,1,0
51113013,0,2.98,2.70,2.68,3.11,3.04,2.14,3.44,1,0
51113049,0,3.48,3.47,2.86,3.23,3.43,2.25,3.55,1,1
51113087,0,3.10,2.40,3.21,3.26,3.04,2.00,3.30,1,0
51113018,0,3.39,3.06,2.89,3.38,3.32,2.50,3.80,1,1
51113052,0,3.30,2.91,2.36,3.08,3.43,2.39,3.69,1,1
51113090,1,3.27,3.32,3.96,3.49,3.79,2.34,3.64,1,1
51113057,0,3.30,2.85,2.18,2.74,2.68,1.79,3.09,1,0
51113058,1,3.59,3.39,3.04,3.23,3.68,2.38,3.68,1,1
51113062,0,3.58,3.15,2.86,3.41,3.54,2.42,3.72,1,1
51113063,1,3.48,3.26,2.96,3.19,3.61,2.42,3.72,1,1
51113070,0,3.07,2.51,1.96,3.19,3.07,1.77,3.07,1,0
51113126,1,2.20,2.57,2.26,3.00,2.71,2.38,2.71,1,0
51113127,1,3.49,3.20,2.91,3.00,3.92,3.25,3.92,1,1
51113129,0,3.68,3.44,3.06,3.00,3.88,3.21,3.88,1,1
51113131,0,3.10,2.92,2.69,3.00,3.25,2.79,3.25,1,1
51113133,0,3.56,3.64,3.08,3.00,3.63,2.96,3.63,1,1
51113134,1,3.42,3.30,2.88,3.00,3.88,3.21,3.88,0,1
51113105,0,2.88,2.00,3.04,2.00,2.00,3.05,2.87,0,0
51113081,0,3.77,3.51,3.54,3.49,3.54,2.71,3.38,1,1
51113118,1,2.77,2.72,2.67,2.18,3.50,2.00,2.67,0,0
51113065,0,3.61,3.31,3.04,3.56,2.57,2.00,2.67,1,0
51113022,1,3.88,3.63,3.39,3.38,3.46,2.04,2.71,0,1
51113011,1,3.36,3.33,3.00,3.26,3.36,2.46,3.13,0,1
51113074,1,3.91,3.70,3.57,3.53,3.86,2.58,3.25,1,1
51113042,0,3.25,3.18,1.71,2.44,3.00,2.75,3.42,1,0
51113048,0,3.50,3.49,3.11,3.45,3.57,3.04,3.71,1,1
51113092,1,3.53,3.65,4.00,3.64,3.50,3.13,3.80,1,1
51113124,1,3.45,3.19,2.86,2.81,2.86,2.08,2.75,0,0
51113001,0,2.20,2.40,2.57,3.19,2.43,2.00,3.30,0,0
51113037,1,3.80,3.68,3.18,3.53,3.75,2.33,3.63,0,1
51113076,0,3.32,3.20,3.18,3.15,3.43,2.32,3.62,0,1
51113099,1,3.53,3.09,3.21,3.38,3.21,2.42,3.72,0,1
51113002,1,3.47,3.01,3.07,3.49,3.25,2.21,3.51,0,1
51113028,0,3.70,3.15,3.54,3.38,3.68,2.46,3.76,0,1
51113104,1,3.06,3.18,3.29,3.45,3.79,2.58,3.88,0,1
51113136,1,3.22,3.20,2.82,3.00,3.54,2.92,3.54,0,1
51113064,1,3.45,3.15,3.21,3.41,3.46,2.54,3.21,0,1
51113029,0,3.65,3.33,3.21,3.34,3.25,2.29,2.96,1,1
51113079,1,3.58,3.44,3.32,3.34,3.39,2.29,2.96,1,1
51113053,0,3.84,3.84,3.68,3.53,3.64,2.17,2.84,1,1
51113024,1,3.48,3.43,3.25,3.41,3.54,2.50,3.17,1,1
51113021,1,3.53,3.09,3.21,3.41,3.25,2.75,3.42,1,1
51113060,1,3.78,3.44,3.18,3.49,3.43,2.96,3.63,1,1
51113096,1,3.11,3.18,3.97,3.34,3.36,2.83,3.50,1,1
51113113,0,3.06,3.47,3.36,3.38,2.57,3.30,3.97,1,1
51113003,1,3.63,3.26,2.86,3.45,3.36,2.21,3.51,1,1
51113014,1,3.41,2.81,2.86,3.34,3.64,2.38,3.68,1,1
51113019,1,3.57,3.48,3.29,3.53,3.57,2.42,3.72,1,1
51113100,0,3.34,3.15,3.07,3.08,3.43,1.68,2.98,1,0
51113095,1,3.53,3.63,3.11,3.41,3.82,2.00,3.30,1,1
51113135,1,3.84,3.60,3.17,3.00,3.92,3.25,3.92,1,1
51113055,1,3.63,3.35,2.79,3.45,3.39,2.63,3.30,1,1
51113007,0,3.85,3.19,3.64,3.38,3.61,2.79,3.46,1,1
51113008,0,3.70,3.30,3.29,3.45,3.61,2.46,3.13,1,1
51113128,0,3.53,3.64,3.07,3.00,3.96,3.29,2.80,1,1
51113130,1,3.86,3.86,3.26,3.00,3.75,3.25,2.80,1,1
51113005,0,3.64,3.23,3.04,3.23,3.57,2.85,3.52,1,1
51113043,1,3.50,3.13,3.25,3.34,3.50,2.07,2.74,1,1
51113093,0,2.44,2.93,2.82,3.23,2.50,2.88,3.55,1,0
51113067,1,3.74,3.49,3.43,3.53,3.50,2.58,3.25,1,1
51113034,1,3.83,3.61,3.61,3.41,3.68,2.63,3.30,1,1
51113015,0,3.76,3.36,3.36,3.49,3.57,3.21,3.88,1,1
51113035,1,3.59,3.22,2.64,3.04,3.25,2.68,3.35,1,1
51113044,0,3.80,3.49,3.04,3.38,3.82,2.63,3.93,1,1
51113027,0,3.52,2.91,3.00,3.34,3.43,2.25,3.55,1,1
51113098,0,3.44,3.78,3.57,3.60,3.89,2.58,3.88,1,1
51113020,1,3.58,2.77,3.07,3.34,3.71,2.25,3.55,1,1
51113080,1,3.43,3.60,4.00,3.49,3.86,2.58,3.88,1,1
51113036,1,3.74,3.38,2.86,3.34,3.89,2.50,3.80,1,1
51114097,0,3.55,3.10,3.66,3.70,3.63,3.21,2.85,1,1
51114114,1,3.61,3.74,3.91,3.66,3.79,3.46,2.85,1,1
51114054,1,3.63,3.48,3.81,3.74,3.58,3.34,3.60,1,1
51114083,0,3.16,3.23,3.50,3.48,3.46,3.26,2.85,1,1
51114080,1,3.57,3.48,3.84,3.71,3.67,3.24,3.85,1,1
51114140,1,2.91,3.11,3.64,2.95,3.61,3.22,2.80,1,1
51114086,1,3.51,3.04,3.22,3.56,3.71,3.34,3.65,1,1
51114032,1,3.94,3.70,3.78,4.00,3.79,3.44,3.75,1,1
51114124,1,3.50,3.31,3.22,3.34,3.42,3.67,3.70,1,1
51114066,0,2.33,2.00,2.00,2.56,3.04,3.25,2.00,1,0
51114149,1,3.23,3.35,3.24,3.49,3.75,3.06,2.65,1,1
51114072,1,3.35,3.01,3.21,3.30,3.21,3.02,3.40,1,1
51114015,0,3.33,3.15,3.22,3.70,3.79,3.45,3.69,1,1
51114052,1,3.24,2.98,2.00,3.58,3.29,2.74,3.56,1,1
51114128,1,3.45,3.18,3.46,3.50,3.67,3.59,3.45,1,1
51114088,1,3.33,3.51,3.24,3.68,3.58,3.66,2.90,1,1
51114109,1,3.61,3.09,3.42,3.55,3.54,3.10,2.85,1,1
51114111,1,3.22,3.40,3.34,3.65,3.58,3.25,3.60,1,1
51114037,1,3.36,3.35,3.56,3.46,3.89,0.00,3.65,1,1
51114021,0,3.41,3.51,3.66,3.89,3.75,3.89,3.94,1,1
51114073,1,3.30,3.63,3.68,3.71,3.79,3.42,3.90,1,1
51114099,0,3.61,3.36,3.42,3.93,3.92,3.24,3.80,0,1
51114074,0,2.83,2.00,2.00,2.10,3.05,3.18,2.32,0,0
51114069,1,3.57,3.50,3.46,3.60,3.75,3.60,2.90,0,1
51114108,1,3.33,3.31,3.24,3.50,3.61,2.38,2.75,0,1
51114056,0,3.35,3.55,3.44,3.96,3.68,3.63,3.70,1,1
51114071,1,3.64,3.00,3.08,3.38,3.43,3.48,2.90,1,1
51114113,1,2.73,3.40,3.65,3.45,3.36,3.31,2.65,1,1
51114096,1,2.73,3.40,3.24,3.64,3.79,3.57,3.60,1,1
51114104,1,3.10,3.36,3.46,3.33,3.25,3.73,3.45,1,1
51114043,1,3.45,3.24,3.67,3.50,3.43,3.01,3.65,0,1
51114026,1,2.89,3.40,3.61,3.65,3.64,3.55,2.80,0,1
51114145,1,3.42,3.59,3.71,3.38,3.25,3.70,2.90,0,1
51114092,1,3.83,3.85,3.79,3.93,3.86,2.13,3.69,1,1
51114171,1,3.24,3.35,3.42,3.41,3.50,3.17,3.55,1,1
51114143,1,3.36,3.16,3.04,3.54,3.31,3.92,3.50,1,1
51114141,1,3.43,3.38,3.75,3.55,3.89,2.49,3.00,1,1
51114067,1,3.72,3.44,3.21,3.50,3.68,3.55,3.44,1,1
51114046,1,3.87,3.70,3.79,3.88,3.83,3.70,3.65,1,1
51114050,1,3.42,3.43,3.29,3.58,3.36,3.42,3.60,1,1
51114155,0,2.65,2.51,3.67,2.50,2.75,2.88,2.46,1,0
51114146,1,3.48,3.23,3.58,3.45,3.58,3.46,3.85,1,1
51114079,1,3.16,3.04,3.53,3.68,3.71,3.64,3.85,1,1
51114081,0,2.90,2.60,2.65,3.16,3.21,3.22,3.20,1,0
51114093,0,2.55,2.88,2.88,3.28,3.22,3.24,2.61,1,0
51114040,0,2.91,2.00,2.54,2.96,2.00,2.98,2.65,1,0
51114078,1,3.48,3.20,3.43,3.58,2.76,3.22,3.85,1,1
51114076,1,3.15,2.65,3.21,3.46,2.00,3.24,3.38,1,1
51114084,1,3.09,3.15,2.98,3.53,2.87,2.88,3.50,1,1
51114025,0,3.05,2.96,2.76,3.75,3.58,2.45,2.55,1,1
51114116,0,2.76,2.41,2.65,3.34,3.09,2.88,2.83,1,0
51114173,1,3.49,3.44,2.54,3.38,3.68,2.98,3.69,1,1
51114148,1,3.75,3.33,3.46,3.66,3.75,3.65,3.69,1,1
51114082,1,3.32,3.00,3.24,3.60,3.53,3.08,2.44,1,1
51114122,1,2.98,2.34,3.04,3.75,3.61,3.23,2.55,1,1
51114090,1,3.69,3.48,3.07,3.58,3.67,3.48,3.80,1,1
51114125,0,2.58,2.00,2.67,2.64,2.86,3.16,2.35,1,0
51114091,0,2.75,3.21,2.98,3.50,3.57,2.90,3.50,1,1
51114154,1,3.28,3.09,3.14,3.49,3.67,2.55,3.60,1,1
51114094,1,2.68,3.24,2.98,3.53,3.75,2.91,3.85,1,1
51114038,1,3.14,3.20,3.13,3.65,3.42,3.48,3.70,1,1
51114121,1,3.73,3.25,4.00,3.77,3.82,3.15,3.44,1,1
51114051,1,3.22,2.56,3.07,3.13,3.36,3.09,3.65,1,1
51114142,1,3.39,3.04,3.11,3.58,3.29,3.05,3.40,1,1
51114134,0,3.49,3.66,3.43,3.89,3.71,2.76,3.45,1,1
51114131,0,3.02,2.74,3.03,3.35,3.29,3.49,2.13,1,1
51114106,1,3.39,3.44,3.09,3.71,3.57,3.75,3.44,1,1
51114095,1,3.76,3.51,3.91,3.50,3.63,3.32,2.90,1,1
51114022,0,2.27,2.00,3.58,2.51,2.18,2.98,2.00,1,0
51114102,0,2.92,2.23,3.43,3.35,3.50,3.69,3.03,1,1
51114070,0,3.50,3.24,3.74,3.49,3.61,2.58,2.60,1,1
51114168,0,2.27,2.00,3.55,3.10,3.36,2.75,3.54,1,0
51114068,0,3.19,2.55,3.61,2.60,3.50,3.48,2.60,1,1
51113004,1,2.07,2.81,3.63,2.60,3.59,3.11,2.17,1,0
51114044,0,3.05,2.00,3.16,2.43,3.32,3.04,3.36,1,0
51114034,1,3.57,3.50,3.57,3.74,3.79,3.70,3.55,1,1
51114118,1,3.33,3.41,2.91,3.49,3.25,3.31,3.70,1,1
51114130,1,3.33,3.63,3.51,3.58,3.29,2.00,3.65,1,1
51114115,0,3.44,3.43,3.94,3.81,3.82,3.35,3.60,1,1
51114170,0,2.91,2.79,2.68,3.45,2.91,3.01,2.00,1,0
51114107,0,2.81,2.55,2.78,2.21,3.07,3.15,2.30,1,0
51114147,0,3.09,2.03,2.00,3.03,3.16,2.98,3.25,1,0
51114167,0,2.67,2.00,2.00,2.00,2.59,3.18,2.00,1,0
51114150,0,3.40,3.36,2.68,3.51,3.43,3.51,3.45,1,1
51114100,1,3.19,3.51,3.59,3.60,3.64,3.09,3.44,1,1
51114101,0,3.57,3.57,3.15,3.78,3.39,3.40,3.65,1,1
51114089,1,3.44,3.44,3.21,3.45,3.38,3.35,2.85,1,1
51114152,0,3.44,3.13,2.74,3.58,3.53,3.51,3.35,1,1
51114024,1,3.60,3.74,3.60,3.96,3.79,3.63,3.70,1,1
51114151,0,3.03,3.01,3.19,3.38,3.29,3.31,2.50,1,1
51114077,0,3.01,3.24,3.00,3.54,3.43,3.57,3.33,1,1
51114132,0,2.64,2.63,2.49,3.00,3.41,3.73,3.17,1,1
51114157,0,2.00,2.00,2.38,3.24,3.39,3.01,2.00,1,0
51114138,0,3.02,2.84,3.71,3.42,3.28,3.55,3.28,1,1
51114105,1,3.19,3.24,2.22,3.46,3.50,3.70,2.67,1,1
51114002,1,3.25,3.35,2.00,3.64,3.68,2.13,3.35,1,1
51114041,0,3.32,2.00,3.50,2.74,3.25,3.17,3.29,1,1
51114003,0,3.35,3.30,3.57,3.61,3.93,3.92,3.00,1,1
51114012,0,3.01,2.89,2.00,3.44,3.50,2.49,3.00,1,0
51114165,1,2.86,3.19,2.00,3.15,3.31,3.55,3.38,1,1
51114019,0,2.68,2.75,2.00,3.08,3.32,3.70,2.69,1,0
51114075,0,3.15,2.11,2.00,3.06,3.14,3.42,3.33,1,0
51114016,1,3.14,3.35,2.36,3.51,3.56,2.88,3.40,1,1
51114045,1,2.98,3.39,2.83,3.41,3.47,3.46,3.60,1,1
51114004,0,3.13,2.66,2.88,2.73,3.61,3.64,2.40,1,1
51114013,0,3.07,2.00,2.46,2.00,3.05,3.22,2.00,1,0
51114129,0,3.22,2.58,3.11,2.97,3.57,3.24,2.83,1,1
51114018,1,3.23,2.63,2.89,2.86,2.79,2.98,2.75,1,0
51114005,1,3.19,3.23,3.34,3.54,3.75,2.99,3.60,1,1
51114061,1,2.33,3.08,2.34,2.34,3.79,2.87,3.00,1,0
51114010,0,3.23,3.10,3.98,2.68,3.21,3.15,2.04,1,1
51114060,1,3.16,3.30,3.42,3.59,3.86,3.24,3.80,1,1
51114007,0,2.91,3.04,3.50,3.15,3.16,3.12,2.85,1,1
51114164,1,3.17,2.81,2.98,3.21,3.46,2.88,3.55,1,1
51114008,1,3.20,3.39,3.23,2.74,3.38,2.98,3.35,1,1
51114027,0,2.92,2.74,3.46,3.60,3.29,2.88,3.15,1,1
51114039,0,3.09,3.05,3.43,3.19,3.31,3.13,3.10,1,1
51114135,0,3.25,2.53,3.12,3.00,3.50,3.24,2.40,1,1
51114035,0,2.19,2.00,2.67,2.49,3.40,2.56,3.43,1,0
51114161,0,2.26,2.00,2.45,2.38,2.00,2.44,3.20,1,0
51114120,1,3.16,2.00,3.25,3.71,3.72,3.12,3.11,1,1
51114006,1,3.14,2.65,2.34,2.22,2.00,2.44,2.76,1,0
51114159,0,2.73,2.00,2.12,2.00,2.30,2.23,2.44,1,0
51114153,0,3.22,2.13,2.25,3.50,2.65,2.00,2.87,1,0
51114162,0,3.27,3.07,3.15,3.57,3.50,3.23,3.42,1,1
51114133,0,2.16,2.00,2.00,2.00,2.00,2.14,2.16,1,0
51114085,0,2.52,2.00,2.00,2.00,2.00,2.33,2.15,1,0
51114166,0,2.51,2.00,2.00,2.00,2.00,2.43,2.27,1,0
51114014,0,3.40,2.60,2.76,2.00,2.00,2.21,2.33,1,0
51114028,0,3.03,2.48,2.43,2.36,2.86,2.87,2.87,1,0
51114036,1,2.85,2.00,2.32,2.83,2.00,2.34,2.45,1,0
51114176,0,2.93,2.00,2.45,2.87,2.54,2.77,2.76,1,0
51114017,1,3.44,2.98,2.66,2.00,2.73,2.25,2.44,1,0
51114062,0,2.49,0.63,2.17,2.06,2.42,2.87,2.65,1,0
51115013,0,2.85,2.55,3.21,3.46,3.39,3.61,3.50,1,1
51115020,1,3.60,3.70,3.75,3.49,3.68,3.38,3.80,1,1
51115040,1,3.98,3.93,3.82,3.71,3.79,3.63,3.60,1,1
51115002,0,3.22,3.02,3.39,3.13,3.75,3.67,3.75,1,1
51115045,0,3.33,3.45,2.71,3.71,3.68,3.38,3.55,1,1
51115012,0,2.67,2.74,3.00,3.45,3.43,3.58,3.55,1,1
51115004,0,2.78,3.59,3.68,3.65,3.54,3.58,3.30,1,1
51115021,1,3.88,3.66,3.36,3.74,3.25,3.67,3.65,1,1
51115010,1,3.60,3.10,3.43,3.25,3.61,3.71,3.65,1,1
51115034,0,3.63,3.25,3.39,3.71,3.79,3.67,3.75,1,1
51115036,0,3.58,3.78,3.68,3.14,3.68,3.72,3.55,1,1
51115017,0,3.89,3.89,3.93,3.68,3.82,3.95,3.80,1,1
51115037,1,3.64,3.42,3.71,3.68,3.54,3.67,3.50,1,1
51115015,1,3.53,3.24,3.54,3.48,3.64,3.42,3.25,1,1
51115024,1,3.44,3.18,3.68,3.59,3.61,3.67,3.40,1,1
51115019,1,3.55,3.60,3.75,3.44,3.54,3.63,3.75,1,1
51115041,0,2.55,2.38,2.39,2.98,2.93,2.36,3.46,1,0
51115027,1,3.51,3.63,3.61,3.64,3.79,3.79,3.80,1,1
51115042,1,3.55,3.48,3.43,3.49,3.50,3.38,3.40,1,1
51115016,0,3.43,3.31,3.61,3.44,3.54,3.21,3.10,1,1
51115044,0,3.88,3.57,3.61,3.56,3.68,3.54,2.70,1,1
51115011,0,3.76,3.73,3.71,3.63,3.82,3.71,3.45,1,1
51115026,0,3.51,3.01,3.71,3.56,3.59,3.42,3.63,1,1
51115001,1,3.52,3.55,3.43,3.00,3.71,3.75,4.00,1,1
51115014,1,3.68,3.70,3.68,3.56,3.64,3.63,3.75,1,1
51115048,1,3.03,2.13,3.25,3.39,3.46,3.71,3.90,1,1
51115047,1,3.32,3.17,3.57,3.49,3.39,3.67,3.80,1,1
51115051,1,3.98,3.92,3.79,3.63,3.71,0.67,2.18,1,1
51115050,0,2.84,2.49,3.46,3.40,3.39,3.75,3.50,1,1
51115084,1,3.82,3.55,3.64,3.55,3.79,3.83,3.85,1,1
51115082,1,3.74,3.70,3.68,3.49,3.56,3.63,3.63,1,1
51115076,1,3.44,3.57,3.64,3.56,3.72,3.63,3.69,1,1
51115099,0,3.51,3.55,3.61,3.68,3.63,3.79,3.50,1,1
51115083,0,3.15,3.56,3.50,3.51,3.71,3.71,3.90,1,1
51115059,1,3.61,3.61,3.68,3.71,3.57,3.63,3.75,1,1
51115067,1,2.63,2.82,3.43,3.35,3.36,3.21,3.30,1,1
51115089,1,2.45,2.90,3.39,3.50,3.56,3.67,3.56,1,1
51115080,0,3.07,2.93,3.32,3.41,3.50,3.54,3.58,1,1
51115078,0,3.07,2.97,3.32,3.44,3.47,3.58,3.40,1,1
51115071,1,3.81,3.73,3.75,3.75,3.82,3.75,3.75,1,1
51115072,0,3.56,3.34,3.46,3.43,3.19,3.42,3.50,1,1
51115086,1,3.59,3.33,3.29,3.43,3.54,3.67,3.70,1,1
51115077,0,3.61,3.68,3.82,3.55,3.75,3.92,3.80,1,1
51115085,0,3.56,3.11,3.50,3.49,3.56,3.67,3.50,1,1
51115081,1,3.64,3.55,3.79,3.54,3.72,3.58,3.69,1,1
51115060,0,3.35,3.09,3.36,3.59,3.61,3.67,2.80,1,1
51115065,0,2.86,2.34,2.75,2.76,3.21,3.22,3.25,1,0
51115074,1,1.89,2.98,3.29,3.71,3.68,2.75,3.56,0,1
51115092,0,3.49,3.35,3.61,3.46,3.56,3.67,3.38,0,1
51115090,1,3.65,3.44,3.64,3.41,3.61,3.63,3.60,0,1
51115091,1,3.77,3.64,3.61,3.49,3.57,3.63,3.55,0,1
51115069,1,2.86,3.63,3.37,3.41,3.50,3.71,3.45,0,1
51115062,1,3.11,2.89,3.32,3.42,3.56,3.71,3.65,0,1
51115063,1,3.48,3.55,3.68,3.71,3.86,3.63,3.70,0,1
51115098,1,3.58,3.40,3.61,3.59,3.56,3.67,3.70,0,1
51115073,1,3.41,3.38,3.46,3.53,3.54,3.63,3.60,1,1
51115079,0,3.08,3.10,3.18,3.52,3.38,3.54,3.63,1,1
51115100,1,3.44,3.33,3.54,3.55,3.57,3.54,3.60,1,1
51115096,1,3.45,3.36,3.57,3.66,3.68,3.63,3.45,1,1
51115061,1,3.77,3.67,3.68,3.49,3.64,3.63,3.50,1,1
51115102,1,3.59,3.43,3.64,3.53,3.68,3.67,3.60,1,1
51115151,0,2.85,2.99,2.75,3.60,3.32,3.38,3.70,1,1
51115146,0,2.88,3.10,3.61,3.41,3.71,3.54,3.60,1,1
51115113,0,0.69,0.29,1.00,1.93,2.61,2.88,3.30,0,0
51115135,0,3.63,3.11,3.25,3.38,3.43,3.71,3.95,0,1
51115115,0,2.50,2.80,2.89,2.94,2.93,3.33,3.05,0,0
51115108,1,3.69,3.36,3.57,3.45,3.71,3.58,3.25,0,1
51115189,0,3.25,0.21,1.36,1.68,2.86,0.63,3.35,0,0
51115107,0,3.20,1.86,3.14,2.72,2.91,3.42,2.92,0,0
51115110,1,3.44,3.14,3.46,3.29,3.54,3.50,3.40,0,1
51115112,0,3.32,3.42,3.29,3.16,3.54,3.38,3.75,0,1
51115118,1,2.34,2.63,3.57,3.23,3.50,3.39,3.38,0,1
51115126,0,2.47,2.22,3.25,3.11,3.09,2.67,2.80,0,0
51115129,0,2.99,2.93,3.54,3.23,3.38,3.42,3.55,1,1
51115153,1,3.33,3.32,3.46,3.45,3.54,3.58,3.45,1,1
51115142,0,3.38,2.80,3.64,3.48,3.71,3.58,3.60,1,1
51115128,0,3.10,2.99,3.43,3.41,3.71,3.38,3.65,1,1
51115120,0,2.84,2.61,3.29,3.09,3.50,3.17,3.50,1,1
51115147,0,2.64,2.30,2.79,1.44,1.79,2.45,2.04,1,0
51115124,1,3.57,3.76,3.75,3.58,3.82,3.67,3.50,1,1
51115109,1,3.56,3.35,3.25,3.23,3.41,3.21,3.40,1,1
51115134,0,2.67,1.83,1.64,2.86,2.63,0.00,0.00,1,0
51115152,0,3.27,3.15,3.16,3.31,3.34,3.25,3.60,1,1
51115145,0,2.92,2.60,2.29,3.20,3.47,3.46,3.32,1,1
51115137,0,2.91,3.10,3.18,3.20,3.50,3.46,3.35,1,1
51115114,1,3.44,3.47,3.57,3.19,3.57,3.46,2.70,1,1
51115119,1,3.19,3.27,3.43,3.41,3.38,3.58,3.40,1,1
51115136,1,3.74,3.77,3.68,3.64,3.75,3.88,3.70,1,1
51115131,1,3.38,3.31,3.36,3.38,3.50,3.63,3.40,0,1
51115144,1,3.31,3.18,3.57,3.45,3.64,3.67,3.35,0,1
51115143,1,2.77,3.08,3.25,3.21,3.50,3.38,2.60,0,1
51115138,1,3.42,3.14,3.43,3.34,3.61,3.38,3.25,0,1
51115179,0,3.05,2.50,2.79,2.98,3.54,3.00,3.10,0,0
51115161,0,3.28,3.08,2.82,3.15,3.36,3.33,3.35,0,1
51115162,1,3.80,3.75,3.68,3.68,3.25,3.75,3.40,1,1
51115168,1,3.65,3.78,3.68,3.63,3.68,3.71,3.50,1,1
51115175,0,3.44,3.38,3.21,2.71,3.61,2.96,3.45,1,1
51115156,0,3.78,3.75,3.71,3.63,3.64,3.83,3.75,1,1
51115166,0,3.94,3.76,3.46,3.38,3.57,3.42,3.40,1,1
51115158,1,3.88,3.78,3.75,3.67,3.36,3.83,3.55,1,1
51115164,1,3.68,3.03,3.14,3.68,3.46,0.67,2.12,1,0
51115191,0,2.55,3.00,2.04,3.00,3.32,2.71,2.60,1,0
51115165,0,3.45,3.69,3.61,3.33,3.50,3.79,3.55,1,1
51115173,0,3.63,3.05,3.07,2.36,3.36,3.16,3.05,1,1
51115159,1,3.90,3.75,3.75,3.54,3.64,3.71,3.50,1,1
51115160,1,3.88,3.73,3.68,3.75,3.36,3.79,3.45,1,1
51115163,1,3.75,3.84,3.61,3.64,3.29,3.65,3.45,1,1
51115033,1,3.31,2.60,3.11,3.30,3.46,3.07,3.50,1,1
51115075,1,3.39,3.47,3.39,3.78,3.71,3.67,3.70,1,1
51115123,1,3.66,3.22,3.36,3.87,3.81,3.70,3.75,1,1
51115006,1,3.44,3.53,3.29,3.68,3.71,3.58,3.50,1,1
51115029,0,3.01,3.27,3.29,3.11,3.32,3.50,3.45,1,1
51115104,1,3.09,3.50,3.57,3.78,3.64,3.96,3.60,1,1
51115141,0,1.97,0.76,3.11,2.98,2.94,2.29,2.89,1,0
51115133,0,1.61,1.93,2.14,3.11,3.54,3.38,3.46,1,0
51115174,1,3.49,3.34,3.43,3.41,3.75,3.29,3.65,1,1
51115181,1,3.24,2.93,3.32,3.45,3.64,3.54,3.35,1,1
51115125,1,3.34,3.28,3.50,3.34,3.68,3.79,3.40,1,1
51115106,1,3.33,3.57,3.64,3.54,3.71,3.71,3.60,1,1
51115087,1,3.86,3.33,3.14,3.53,3.72,3.67,3.63,1,1
51115008,1,3.67,3.56,3.43,3.55,3.68,3.42,3.35,1,1
51115140,0,3.74,3.80,3.64,3.78,3.82,3.83,3.65,1,1
51115030,1,3.32,3.47,3.14,3.61,3.64,3.50,3.55,1,1
51115148,1,3.41,3.43,3.36,3.68,3.82,1.17,3.12,1,1
51114087,0,2.90,2.69,3.29,3.55,3.64,3.80,3.63,1,1
51115157,1,3.69,3.51,3.36,3.13,3.56,3.55,3.21,1,1
51115187,0,2.55,1.83,2.32,2.56,1.36,3.66,0.00,1,0
51115192,0,1.63,3.10,3.04,2.45,0.14,3.49,0.00,1,0
51115172,0,3.76,3.70,3.64,3.75,3.64,3.53,2.83,1,1
51115095,1,3.49,3.32,3.39,3.49,0.00,3.60,3.81,1,1
51115025,1,3.17,3.17,3.68,3.11,3.43,3.41,3.56,1,1
51115018,0,3.01,2.41,2.93,0.53,0.14,1.93,3.59,1,0
51115054,0,3.61,3.91,3.46,3.64,3.35,3.38,3.61,1,1
51115070,0,2.41,1.66,1.54,0.00,3.01,2.94,3.56,1,0
51115105,0,3.49,3.02,3.43,3.26,2.86,3.45,3.64,1,1
51115130,0,2.88,1.65,1.32,2.14,2.68,1.68,3.35,1,0
51116018,0,2.24,2.32,3.21,3.31,3.15,2.72,2.86,1,0
51116002,1,3.95,3.93,3.82,3.75,3.14,3.29,1.89,1,1
51116009,1,3.61,3.67,3.43,3.64,2.98,3.16,3.49,1,1
51116010,1,3.49,3.44,3.32,3.38,3.13,3.23,3.65,1,1
51116011,0,3.34,3.73,3.46,3.45,3.07,3.11,3.77,1,1
51116012,0,3.58,3.48,3.46,3.53,3.22,3.23,2.86,1,1
51116013,0,3.02,2.47,2.68,2.93,3.23,3.45,3.11,1,0
51116014,0,3.06,2.92,3.07,3.36,3.19,3.48,3.48,1,1
51116016,0,3.41,3.11,3.29,3.61,2.33,3.41,3.58,1,1
51116017,0,3.69,3.44,3.29,3.39,3.23,3.09,3.41,1,1
51116019,0,3.41,3.16,3.04,3.04,3.16,1.44,3.08,1,0
51116020,1,3.60,3.82,3.68,3.83,2.91,3.58,3.44,1,1
51116022,1,3.43,3.24,3.36,3.49,3.17,3.23,3.45,1,1
51116006,0,2.99,3.47,3.79,3.43,3.20,2.86,3.77,1,1
51116023,0,2.61,1.86,0.29,2.45,2.92,3.31,3.59,1,0
51116024,1,3.47,3.84,3.64,3.49,3.09,3.20,2.85,1,1
51116026,1,3.70,3.70,3.46,3.50,3.25,3.20,2.88,1,1
51116027,0,3.24,3.44,2.89,3.45,2.19,3.19,0.69,1,0
51116028,0,3.07,3.40,3.25,3.23,2.26,3.41,3.63,1,1
51116033,1,3.73,3.88,3.82,3.86,3.16,3.64,2.50,1,1
51116034,1,3.05,3.72,3.57,3.53,3.14,3.38,3.69,1,1
51116035,1,3.48,3.38,3.21,3.41,2.73,3.45,3.25,1,1
51116037,1,3.78,3.83,3.46,3.64,3.22,3.21,3.20,1,1
51116038,1,3.50,3.77,3.61,3.64,3.27,3.34,3.44,1,1
51116039,1,3.73,3.65,3.54,3.68,2.16,2.98,3.32,1,1
51116041,1,3.78,3.63,3.54,3.83,2.52,3.15,2.34,1,1
51116044,1,3.68,3.67,3.54,3.75,2.51,3.68,2.47,1,1
51116045,1,3.34,3.48,3.54,3.49,3.40,3.63,2.99,1,1
51116046,1,3.64,3.68,3.75,3.71,3.03,2.71,3.33,1,1
51116047,1,3.56,3.66,3.68,3.74,2.85,3.63,3.38,1,1
51116048,1,3.83,3.77,3.46,3.68,2.93,3.38,3.10,1,1
51116054,0,3.43,3.50,3.46,3.56,3.44,3.67,2.84,1,1
51116056,1,3.76,3.73,3.54,3.60,2.49,3.68,2.64,1,1
51116057,1,3.59,3.38,3.50,3.49,2.85,3.00,3.57,1,1
51116059,0,3.48,3.26,3.11,3.22,3.60,3.33,3.56,1,1
51116060,0,3.47,3.58,3.43,3.45,3.98,2.36,2.67,1,1
51116061,0,3.55,3.70,3.61,3.41,3.22,3.54,3.27,1,1
51116062,0,3.10,3.06,3.07,3.16,3.33,3.75,2.92,1,1
51116063,1,3.83,3.60,3.82,3.61,2.67,3.64,2.91,1,1
51116064,0,3.28,3.11,3.21,2.55,2.78,3.30,3.44,1,1
51116067,1,3.56,3.53,3.43,3.30,3.88,3.78,3.19,1,1
51116068,0,2.72,3.33,3.82,3.54,3.60,3.87,3.74,1,1
51116069,1,3.66,3.56,3.64,3.53,3.63,3.68,3.38,1,1
51116070,1,3.40,3.44,3.46,3.23,3.58,3.11,3.31,1,1
51116071,0,3.24,1.05,0.43,0.35,3.89,3.78,2.77,1,0
51116072,0,3.32,2.59,3.07,3.10,3.64,2.98,3.42,1,1
51116074,1,3.67,3.60,3.61,3.53,3.53,3.11,3.05,1,1
51116075,0,3.77,3.74,3.93,3.75,3.44,3.41,3.28,1,1
51116078,0,2.99,3.24,2.75,3.08,3.55,3.45,3.80,1,1
51116081,1,3.57,3.25,3.00,3.49,2.55,3.34,3.65,1,1
51116082,1,3.35,3.47,3.61,3.45,3.51,3.54,3.44,1,1
51116083,1,3.39,3.19,3.29,0.70,3.55,3.53,3.78,1,1
51116084,1,3.72,3.93,3.57,3.71,3.43,3.55,3.94,1,1
51116086,1,2.90,3.25,3.00,3.19,3.88,3.78,3.88,1,1
51116087,1,3.39,3.63,3.39,3.30,3.76,3.61,3.68,1,1
51116090,1,3.38,3.41,3.43,3.56,3.51,3.68,2.55,1,1
51116091,0,3.73,3.55,3.71,3.79,3.52,3.55,3.45,1,1
51116092,0,3.01,2.73,2.89,3.19,3.68,3.13,3.63,1,1
51116093,0,3.56,3.73,3.79,3.31,3.03,0.00,3.90,1,1
51116094,0,3.65,3.76,3.86,3.50,3.32,2.45,3.88,1,1
51116095,0,0.80,3.16,3.14,3.04,3.98,3.75,3.75,1,1
51116096,0,3.73,3.78,3.86,3.73,2.84,3.49,3.31,1,1
51116097,0,3.10,2.75,2.75,3.00,3.82,3.11,3.39,1,1
51116098,1,3.64,3.72,3.43,3.64,3.74,0.53,3.66,1,1
51116100,0,2.25,2.65,2.71,3.13,3.44,3.64,3.44,1,1
51116101,0,2.39,2.88,3.18,3.00,3.51,0.00,3.01,1,0
51116102,1,3.77,3.77,3.93,3.69,3.15,3.26,3.09,1,1
51116103,1,3.23,3.55,3.50,3.53,3.61,0.00,1.97,1,0
51116106,1,3.10,3.20,3.43,3.56,2.63,3.31,1.61,1,0
51116108,1,3.67,3.88,3.61,3.90,2.45,3.75,3.49,0,1
51116109,1,3.68,3.75,3.50,3.53,3.07,3.64,3.24,0,1
51116110,0,3.98,3.73,3.71,3.75,3.07,3.38,3.34,1,1
51116113,0,3.03,3.57,3.50,3.56,3.81,3.45,3.33,1,1
51116115,0,3.19,3.24,2.93,3.15,3.56,3.53,3.86,1,1
51116116,1,3.63,3.72,3.57,3.53,3.59,2.93,3.67,1,1
51116120,0,3.44,3.31,3.00,3.39,3.61,3.36,3.74,1,1
51116121,1,3.66,3.65,3.57,3.71,3.56,3.61,3.32,1,1
51116122,1,3.24,3.38,3.57,3.23,3.64,3.39,3.41,1,1
51116123,1,3.77,2.83,3.57,3.28,3.35,3.04,2.90,1,1
51116125,1,3.44,3.75,3.75,3.56,2.86,3.83,3.69,1,1
51116127,1,3.26,3.10,3.32,3.30,1.89,3.49,2.55,1,0
51116130,0,3.44,3.34,3.07,3.00,3.49,3.43,1.63,1,1
51116134,1,3.55,3.72,3.61,3.71,3.65,3.53,3.76,1,1
51116183,0,3.70,3.58,3.93,3.56,3.77,3.49,3.49,1,1
51116149,0,3.64,3.61,3.61,3.34,2.86,3.50,3.17,1,1
51116153,1,3.78,3.90,3.75,3.86,3.11,3.45,3.01,1,1
51116154,0,0.68,0.68,2.11,3.31,3.48,3.23,3.61,0,0
51116158,1,3.43,3.14,3.18,3.46,3.58,3.86,2.41,0,1
51116165,1,3.45,3.48,3.57,3.53,3.41,0.00,3.49,0,0
51116007,0,2.23,3.24,3.19,3.45,3.08,3.41,2.88,0,1
51116008,0,2.67,3.01,2.94,2.59,3.44,3.64,2.24,1,0
51116021,0,3.38,3.56,3.50,3.26,3.45,3.64,3.95,1,1
51116025,0,2.99,2.09,2.28,2.43,3.77,3.68,3.61,1,0
51116031,0,3.03,2.92,2.88,3.38,3.59,3.83,3.49,1,1
51116032,0,3.68,3.58,3.81,3.56,2.85,3.75,3.34,1,1
51116040,0,3.27,3.48,3.59,3.34,2.88,3.49,3.58,1,1
51116043,1,3.44,3.74,3.59,3.68,0.69,3.71,3.02,1,1
51116049,1,3.22,3.27,3.78,3.38,3.63,3.74,3.06,1,1
51116051,0,3.20,3.24,2.63,3.15,2.50,3.68,3.41,1,1
51116052,0,3.47,3.50,3.47,3.55,3.69,3.56,3.69,1,1
51116073,0,3.24,3.24,2.97,3.41,3.25,3.60,3.41,1,1
51116076,0,3.58,3.58,3.53,3.49,3.20,3.49,3.60,1,1
51116080,0,2.60,3.03,3.03,2.85,3.44,2.97,3.43,1,1
51116088,0,3.32,3.48,3.63,3.79,3.32,3.45,2.99,1,1
51116099,0,2.20,3.36,3.22,3.19,2.34,3.41,2.61,1,0
51116107,0,2.24,3.20,3.25,2.96,2.47,3.16,3.47,1,0
51116112,0,3.74,3.78,3.34,3.33,2.99,3.61,3.70,1,1
51116117,0,2.99,3.55,3.25,3.38,3.33,2.55,3.24,1,1
51116118,1,3.32,3.43,3.53,3.11,3.38,3.30,3.07,0,1
51116119,0,3.15,3.52,3.13,3.30,3.58,3.53,3.73,0,1
51116144,1,3.59,3.41,3.44,3.36,3.03,3.03,3.05,0,1
51116168,0,3.05,3.17,3.06,3.19,3.48,3.63,3.48,0,1
51116172,1,3.80,3.85,3.91,3.85,3.36,3.22,3.78,1,1
51116173,1,3.53,3.58,3.50,3.36,3.20,3.25,3.50,1,1
51116175,1,3.70,3.84,3.72,3.82,3.78,3.34,3.73,1,1
51116185,1,3.76,3.91,3.84,3.88,3.55,3.25,3.78,1,1
51116192,0,2.34,3.23,3.22,2.80,3.43,3.53,3.68,1,1
51116194,1,3.81,3.91,3.84,3.68,3.52,3.13,3.34,1,1
51116196,1,3.01,3.67,2.91,3.11,3.64,2.95,3.64,1,1
51116197,1,3.30,3.75,3.51,3.04,3.22,3.56,3.56,1,1
51115101,0,3.63,3.66,3.94,3.70,3.78,4.00,3.83,1,1
51116179,0,3.55,2.29,3.50,3.31,3.22,3.34,3.43,1,1
51116089,0,2.75,2.76,2.33,2.00,2.00,2.56,3.76,1,0
51115064,0,2.16,2.82,3.23,3.35,3.24,3.49,3.59,1,1
51116003,0,3.25,2.35,3.35,3.01,3.21,3.30,3.48,1,1
51116055,0,2.50,2.77,3.33,3.15,3.22,3.70,3.47,0,1
51116077,1,3.56,3.33,3.24,2.98,2.00,3.58,3.55,0,1
51116184,0,2.80,2.19,3.45,3.18,3.46,3.50,3.10,0,1
51114110,0,2.85,1.09,3.33,3.51,3.24,3.68,3.83,0,1
51115116,0,0.98,3.24,3.61,3.09,3.42,3.55,3.28,0,1
51116193,0,2.64,2.91,3.22,3.40,3.34,3.65,3.56,0,1
51116138,0,3.45,2.00,3.36,3.35,3.56,3.46,2.72,1,1
51116124,0,3.49,3.59,3.41,3.51,3.66,3.89,3.66,1,1
51116085,0,3.30,3.48,3.30,3.63,3.68,3.71,3.40,1,1
51116079,1,3.70,3.47,3.61,3.36,3.42,3.93,3.24,1,1
51116053,1,3.58,3.55,2.83,2.00,2.00,2.10,3.32,1,0
51116050,0,3.50,3.10,3.57,3.50,3.46,3.60,3.67,1,1
51116029,1,3.68,3.83,3.33,3.31,3.24,3.50,3.77,1,1
51116015,0,3.55,3.78,3.39,3.40,3.65,3.46,2.99,1,1
51116004,1,3.65,3.45,3.38,3.35,2.85,3.65,3.57,1,1
51116001,0,3.46,3.58,3.53,3.51,3.35,3.13,3.35,1,1
51117001,1,3.89,3.96,3.79,3.63,3.70,3.20,3.39,1,1
51117002,0,3.71,3.38,3.29,3.31,2.50,3.31,3.72,1,1
51117003,1,3.61,3.54,3.43,3.57,3.33,3.31,2.90,1,1
51117004,1,3.61,3.00,3.41,3.73,3.17,3.31,3.39,1,1
51117005,0,2.81,3.24,3.39,3.01,2.00,3.24,3.38,1,1
51117006,0,3.03,3.42,3.28,3.55,3.28,3.26,3.73,1,1
51117007,0,2.11,3.46,3.50,3.70,2.67,3.35,3.01,1,1
51117008,0,3.40,3.64,3.68,2.13,3.35,3.49,3.56,1,1
51117009,0,3.30,2.74,3.25,3.17,3.29,3.50,3.65,1,1
51117010,1,3.13,3.61,3.93,3.92,3.00,3.20,0.80,1,1
51117011,0,3.48,3.44,3.50,2.49,3.00,3.16,3.73,1,1
51117012,1,3.61,3.15,3.31,3.55,3.38,3.20,3.10,1,1
51117013,1,3.49,3.08,3.32,3.70,2.69,2.97,3.64,1,1
51117014,0,3.03,3.06,3.14,3.42,3.33,3.04,2.25,1,1
51117017,1,3.63,3.51,3.56,2.88,3.40,3.15,2.39,1,1
51117018,0,2.73,3.41,3.47,3.46,3.60,3.20,3.77,1,1
51117019,1,3.63,2.73,3.61,3.64,2.40,3.25,3.23,1,1
51117020,1,3.58,2.00,3.05,3.22,2.00,3.16,3.10,1,0
51117021,1,3.58,2.97,3.57,3.24,2.83,3.58,3.67,1,1
51117022,0,3.38,2.86,2.79,2.98,2.75,2.94,3.68,1,1
51117023,0,3.55,3.54,3.75,2.99,3.60,3.45,3.98,1,1
51117024,1,3.51,2.34,3.79,2.87,3.00,3.24,3.03,1,1
51117025,1,3.61,2.68,3.21,3.15,2.04,3.19,3.19,1,1
51117026,0,3.83,3.59,3.86,3.24,3.80,3.53,3.63,1,1
51117027,1,3.58,3.15,3.16,3.12,2.85,3.30,3.44,1,1
51117028,1,3.50,3.21,3.46,2.88,3.55,3.30,3.66,1,1
51117029,0,3.23,2.74,3.38,2.98,3.35,3.38,3.24,1,1
51117031,1,3.18,3.60,3.29,2.88,3.15,3.39,3.77,1,1
51117032,1,3.58,3.19,3.31,3.13,3.10,3.34,3.44,1,1
51117033,1,3.65,3.00,3.50,2.93,3.08,3.07,2.47,1,1
51117034,0,3.60,2.49,3.40,3.21,3.30,3.21,2.57,1,1
51117035,1,3.13,2.38,2.00,3.18,3.23,3.21,2.50,1,0
51117036,1,3.53,3.71,3.72,3.21,3.45,3.36,3.00,1,1
51117037,0,3.35,2.22,2.00,2.82,2.81,2.79,2.34,1,0
51117038,1,3.59,2.00,2.30,3.00,3.45,3.32,2.75,1,0
51117039,0,3.51,3.50,2.65,2.86,3.00,2.79,1.96,1,0
51117040,0,3.28,3.57,3.50,2.68,2.55,3.54,3.06,1,1
51117041,1,3.76,2.00,2.00,3.14,3.26,3.61,2.75,1,0
51117042,0,3.50,2.00,2.00,3.21,3.45,3.25,2.83,1,0
51117043,1,3.28,2.00,2.00,2.89,2.96,2.71,2.42,1,0
51117044,1,3.69,2.00,2.00,3.00,3.15,3.00,2.29,1,0
51117045,0,2.18,2.36,2.86,3.32,3.49,3.46,3.00,1,0
51117046,1,3.45,2.83,2.00,3.43,3.30,3.14,2.92,1,1
51117047,1,3.66,2.87,2.54,3.43,3.60,3.36,3.30,1,1
51117048,1,3.50,2.00,2.73,2.96,3.15,2.07,1.33,1,0
51117049,0,3.21,2.06,2.42,2.79,2.00,2.68,2.68,1,0
51117050,1,3.63,3.46,3.39,3.29,3.34,3.57,2.17,1,1
51117051,1,3.33,3.49,3.68,2.57,3.34,2.93,2.40,1,1
51117052,0,3.60,3.71,3.79,2.61,3.19,3.36,2.00,1,1
51117053,0,2.53,3.13,3.75,2.68,3.11,2.57,2.00,1,0
51117055,0,3.53,3.71,3.68,2.82,3.41,2.82,2.17,1,1
51117056,0,3.48,3.45,3.43,2.93,2.48,2.21,2.04,1,0
51117057,1,3.43,3.65,3.54,3.36,3.45,3.75,2.21,1,1
51117058,0,3.49,3.74,3.25,3.07,3.11,2.64,1.71,1,1
51117059,1,3.58,3.25,3.61,2.89,3.19,3.32,2.11,1,1
51117062,0,3.35,3.71,3.79,2.86,3.19,2.96,2.29,1,1
51117063,0,3.45,3.14,3.68,3.04,2.33,2.50,0.90,1,0
51117066,0,2.96,3.68,3.82,2.86,3.15,2.93,1.96,1,1
51117067,0,3.21,3.68,3.54,3.39,3.53,3.79,2.25,1,1
51117068,0,3.53,3.48,3.64,3.29,3.30,2.00,0.70,1,0
51117069,0,3.13,3.59,3.61,3.32,3.23,3.32,2.38,1,1
51117070,1,3.63,3.44,3.54,2.50,3.38,2.79,1.13,1,0
51117071,1,3.56,2.98,2.93,2.64,3.30,3.79,2.63,1,1
51117072,0,3.50,3.64,3.79,3.04,3.30,3.82,2.42,1,1
51117073,0,3.65,3.49,3.50,2.61,3.19,3.25,2.29,1,1
51117074,1,2.96,3.44,3.54,2.82,3.19,3.39,2.43,1,1
51117076,1,3.45,3.56,3.68,2.89,3.34,3.29,1.83,1,1
51117077,0,3.63,3.63,3.82,3.71,3.45,3.45,3.07,1,1
51117078,1,3.30,3.56,3.59,3.42,3.63,3.48,3.61,1,1
51117079,1,3.49,3.00,3.71,3.75,4.00,3.41,3.93,1,1
51117080,1,3.63,3.56,3.64,3.63,3.75,3.09,3.61,1,1
51117081,1,2.98,3.39,3.46,3.71,3.90,1.44,3.75,1,1
51117082,0,3.43,3.49,3.39,3.67,3.80,3.58,2.11,1,1
51117083,1,3.53,3.63,3.71,0.67,2.18,3.23,3.18,1,0
51117084,0,3.23,3.40,3.39,3.75,3.50,2.86,3.57,1,1
51117085,0,3.41,3.55,3.79,3.83,3.85,3.31,3.19,1,1
51117086,0,3.63,3.49,3.56,3.63,3.63,3.20,2.94,1,1
51117087,0,3.00,3.56,3.72,3.63,3.69,3.20,3.50,1,1
51117088,1,2.95,3.68,3.63,3.79,3.50,3.19,2.28,1,1
51117089,1,3.75,3.51,3.71,3.71,3.90,3.41,2.88,1,1
51117091,1,3.48,3.71,3.57,3.63,3.75,3.64,3.81,1,1
51117092,1,3.43,3.35,3.36,3.21,3.30,3.38,3.59,1,1
51117093,1,3.23,3.50,3.56,3.67,3.56,3.45,3.59,1,1
51117094,1,3.56,3.41,3.50,3.54,3.58,3.21,3.78,1,1
51117095,1,3.20,3.44,3.47,3.58,3.40,3.34,2.63,1,1
51117096,1,2.78,3.75,3.82,3.75,3.75,2.98,3.47,1,1
51117097,1,3.63,3.43,3.19,3.42,3.50,3.15,2.97,1,1
51117098,0,3.59,3.43,3.54,3.67,3.70,3.68,3.53,1,1
51117099,1,3.35,3.13,3.07,3.49,3.25,3.63,3.03,1,1
51117101,0,3.04,3.20,3.54,3.38,3.68,2.71,3.63,1,1
51117102,0,3.70,3.31,3.29,3.45,3.79,3.63,3.22,1,1
51117104,1,3.55,3.31,2.82,3.00,3.54,3.38,3.25,1,1
51117105,1,3.69,3.31,3.21,3.41,3.46,3.67,3.34,1,1
51117106,0,3.05,3.24,3.21,3.34,3.25,3.68,3.25,1,1
51117107,0,3.40,3.26,3.32,3.34,3.39,3.00,3.53,1,1
51117108,1,3.41,3.35,3.68,3.53,3.64,3.33,3.13,1,1
51117109,0,3.69,3.49,3.25,3.41,3.54,2.36,3.44,1,1
51117110,1,3.65,3.50,3.21,3.41,3.25,3.54,3.06,1,1
51117111,1,3.38,3.20,3.18,3.49,3.43,3.75,3.91,1,1
51117112,1,3.43,3.16,4.00,3.34,3.36,3.64,3.50,1,1
51117113,1,3.60,3.20,3.36,3.38,2.57,3.30,3.72,1,1
51117114,0,2.70,2.97,2.86,3.45,3.36,3.78,3.84,1,1
51117115,0,3.20,3.04,2.86,3.34,3.64,3.87,3.22,1,1
51117116,0,3.26,3.15,3.29,3.53,3.57,3.68,3.84,1,1
51117117,1,3.74,3.20,3.07,3.08,3.43,3.11,2.91,1,1
51117118,0,2.96,3.25,3.11,3.41,3.82,3.78,3.51,1,1
51117119,0,3.53,3.16,3.17,3.00,3.92,2.98,3.94,1,1
51117120,1,3.64,3.58,2.79,3.45,3.39,3.11,3.50,1,1
51117121,0,3.20,2.94,3.64,3.38,3.61,3.41,2.33,1,1
51117122,0,3.18,3.45,3.29,3.45,3.61,3.45,3.23,1,1
51117123,1,3.46,3.24,3.07,3.00,3.96,3.34,3.35,1,1
51117124,0,3.34,3.19,3.26,3.00,3.75,3.54,3.33,1,1
51117125,1,3.61,3.53,3.04,3.23,3.57,3.53,3.24,1,1
51117127,0,3.36,3.30,3.25,3.34,3.50,3.55,3.45,1,1
51117128,1,3.49,3.30,2.82,3.23,2.50,3.78,3.33,1,1
51117129,0,3.34,3.38,3.43,3.53,3.50,3.61,3.61,1,1
51117130,1,3.44,3.10,2.85,3.77,3.64,3.68,3.22,1,1
51117131,0,3.40,3.25,3.60,2.86,3.63,3.55,3.36,1,1
51117132,0,2.10,0.00,3.65,3.11,2.89,3.13,3.41,1,0
51117133,0,3.03,3.89,3.94,3.48,3.55,0.00,3.30,1,1
51117134,0,2.23,3.42,3.90,3.58,3.40,2.45,3.61,1,1
51117137,1,3.38,3.24,3.80,3.41,3.38,3.75,2.83,1,1
51117138,0,3.56,3.18,2.32,3.08,3.10,3.49,3.57,1,1
51117139,1,3.43,3.60,2.90,3.44,3.33,3.11,3.33,1,1
51117140,0,2.65,2.38,2.75,3.45,3.36,0.53,3.39,1,0
51117142,1,3.25,3.63,3.70,3.77,3.67,3.64,3.38,1,1
51117144,1,3.76,3.48,2.90,3.59,3.43,0.00,3.53,1,0
51117145,0,2.20,3.31,2.65,2.85,2.99,3.26,3.79,1,1
51117146,0,3.43,3.57,3.60,2.88,3.10,0.00,3.29,1,0
51117147,0,2.95,3.73,3.45,0.69,0.29,3.31,3.43,1,0
51117148,0,2.88,3.01,3.65,3.63,3.11,3.75,3.41,1,1
51117149,1,3.48,3.03,3.22,3.56,3.71,3.64,3.39,1,1
51117151,1,3.59,3.43,3.78,4.00,3.79,3.38,3.28,1,1
51117152,0,2.95,2.93,3.22,3.34,3.42,3.45,3.50,1,1
51117153,1,3.53,3.20,3.36,3.68,3.45,3.53,3.68,1,1
51117154,1,2.58,3.67,3.59,3.45,3.49,3.35,3.61,1,1
51117155,0,3.08,3.58,3.66,2.90,3.65,3.44,3.64,1,1
51117156,1,3.18,3.54,3.10,2.85,3.77,3.64,3.61,1,1
51117157,0,3.40,3.58,3.25,3.60,2.86,3.63,3.37,1,1
51117158,0,3.20,3.89,0.00,3.65,3.11,2.89,3.32,1,0
51117159,1,3.49,3.75,3.89,3.94,3.48,3.55,3.68,1,1
51117160,1,2.63,3.79,3.42,3.90,3.58,3.40,3.61,1,1
51117163,1,2.38,3.92,3.24,3.80,3.41,3.38,3.46,1,1
51117164,0,2.33,3.05,3.18,2.32,3.08,3.10,3.18,1,0
51117165,0,2.63,3.75,3.60,2.90,3.44,3.33,3.54,1,1
51117166,1,3.36,3.61,2.38,2.75,3.45,3.36,3.57,1,1
51117167,1,3.48,3.68,3.63,3.70,3.77,3.67,3.68,1,1
51117169,0,2.88,3.43,3.48,2.90,3.59,3.43,3.64,1,1
51117170,1,3.44,3.36,3.31,2.65,2.85,2.99,2.75,1,1
51117168,0,1.70,3.79,3.57,3.60,2.88,3.10,3.61,1,1
51117143,1,0.00,3.25,3.73,3.45,0.69,0.29,1.00,1,0
51117141,1,1.96,3.43,3.01,3.65,3.63,3.11,3.25,1,1
51117135,0,1.73,3.64,3.55,2.80,2.50,2.80,2.89,1,0
51117126,0,0.75,3.25,3.70,2.90,3.69,3.36,3.57,1,1
51117090,0,1.68,3.86,2.13,3.69,3.25,0.21,1.36,1,0
51117064,0,1.95,3.50,3.17,3.55,3.20,1.86,3.14,1,0
51117065,1,0.75,3.31,3.92,3.50,3.44,3.14,3.46,1,1
51117015,0,0.00,3.89,2.49,3.00,3.32,3.42,3.29,1,0
51117161,0,2.00,3.68,3.55,3.44,2.34,2.63,3.57,1,1
51117162,1,2.00,3.83,3.70,3.65,2.47,2.22,3.25,1,1
51117150,0,2.00,3.36,3.42,3.60,2.99,2.93,3.54,1,1
51117103,1,2.00,2.75,2.88,2.46,3.33,3.32,3.46,1,0
51117060,0,2.00,3.58,3.46,3.85,3.38,2.80,3.64,1,1
51117016,0,2.00,3.71,3.64,3.85,3.10,2.99,3.43,1,1
51118001,1,3.51,3.21,3.22,3.20,2.84,2.61,3.29,1,1
51118002,1,3.63,3.22,3.24,2.61,2.64,2.30,2.79,1,0
51118003,0,3.44,2.00,2.98,2.65,3.57,3.76,3.75,1,1
51118004,0,1.45,2.76,3.22,3.85,3.56,3.35,3.25,1,1
51118005,0,3.65,2.00,3.24,3.38,2.67,1.83,1.64,1,0
51118006,0,3.49,2.87,2.88,3.50,3.27,3.15,3.16,1,1
51118007,0,3.39,3.58,2.45,2.55,2.92,2.60,2.29,1,0
51118008,1,3.35,3.09,2.88,2.83,2.91,3.10,3.18,1,1
51118009,0,2.93,3.68,2.98,3.69,3.44,3.47,3.57,1,1
51118010,1,3.69,3.75,3.65,3.69,3.19,3.27,3.43,1,1
51118011,0,3.59,3.53,3.08,2.44,3.74,3.77,3.68,1,1
51118012,0,1.50,3.61,3.23,2.85,2.55,3.21,3.46,1,0
51118013,0,3.48,3.67,3.48,3.60,3.70,3.75,3.49,1,1
51118015,1,3.43,2.86,3.16,3.98,3.93,3.82,3.71,1,1
51118016,0,3.40,3.57,2.90,3.22,3.02,3.39,3.13,1,1
51118017,1,3.55,3.67,2.55,3.33,3.45,2.71,3.71,1,1
51118018,0,3.36,3.75,2.91,2.67,2.74,3.00,3.45,1,1
51118019,1,3.53,3.42,3.48,2.78,3.59,3.68,3.65,1,1
51118020,0,3.65,3.82,3.15,3.88,3.66,3.36,3.74,1,1
51118021,0,3.61,3.36,3.09,3.60,3.10,3.43,3.25,1,1
51118022,0,3.75,3.58,2.45,3.63,3.25,3.39,3.71,1,1
51118023,1,3.34,3.09,2.88,3.58,3.78,3.68,3.14,1,1
51118024,0,3.38,3.68,2.98,3.89,3.89,3.93,3.68,1,1
51118025,0,3.66,3.75,3.65,3.64,3.42,3.71,3.68,1,1
51118026,0,3.60,3.53,3.08,3.53,3.24,3.54,3.48,1,1
51118027,0,3.75,3.61,3.23,3.44,3.18,3.68,3.59,1,1
51118028,1,3.58,3.67,3.48,3.55,3.60,3.75,3.44,1,1
51118030,1,2.64,2.86,3.16,2.55,2.38,2.39,2.98,1,0
51118031,0,3.50,3.57,2.90,3.51,3.63,3.61,3.64,1,1
51118032,1,3.49,3.67,2.55,3.55,3.48,3.43,3.49,1,1
51118033,1,3.53,3.75,2.91,3.43,3.31,3.61,3.44,1,1
51118034,0,3.65,3.42,3.48,3.88,3.57,3.61,3.56,1,1
51118035,1,3.77,3.82,3.15,3.76,3.73,3.71,3.63,1,1
51118036,0,3.13,3.36,3.09,3.51,3.01,3.71,3.56,1,1
51118037,1,3.58,3.29,3.05,3.52,3.55,3.43,3.00,1,1
51118038,0,3.89,3.71,2.76,3.68,3.70,3.68,3.56,1,1
51118039,1,3.35,3.29,3.49,3.03,2.13,3.25,3.39,1,1
51118040,1,3.71,3.57,3.75,3.32,3.17,3.57,3.49,1,1
51118041,1,3.50,3.63,3.32,3.98,3.92,3.79,3.63,1,1
51118042,1,2.51,2.18,2.98,2.84,2.49,3.46,3.40,1,0
51118043,1,3.35,3.50,3.69,3.82,3.55,3.64,3.55,1,1
51118044,1,3.49,3.61,2.58,3.74,3.70,3.68,3.49,1,1
51118045,0,3.10,3.36,2.75,3.44,3.57,3.64,3.56,1,1
51118046,1,2.60,3.50,3.48,3.51,3.55,3.61,3.68,1,1
51118047,1,2.60,3.59,3.11,3.15,3.56,3.50,3.51,1,1
51118048,1,2.43,3.32,3.04,3.61,3.61,3.68,3.71,1,1
51118049,1,3.74,3.79,3.70,2.63,2.82,3.43,3.35,1,1
51118050,0,3.49,3.25,3.31,2.45,2.90,3.39,3.50,1,1
51118051,1,3.58,3.29,2.00,3.07,2.93,3.32,3.41,1,1
51118052,1,3.81,3.82,3.35,3.07,2.97,3.32,3.44,1,1
51118053,1,3.45,2.91,3.01,3.81,3.73,3.75,3.75,1,1
51118054,1,2.21,3.07,3.15,3.56,3.34,3.46,3.43,1,1
51118055,1,3.03,3.16,2.98,3.59,3.33,3.29,3.43,1,1
51118056,0,2.00,2.59,3.18,3.61,3.68,3.82,3.55,0,1
51118057,1,3.51,3.43,3.51,3.56,3.11,3.50,3.49,0,1
51118058,1,3.60,3.64,3.09,3.64,3.55,3.79,3.54,0,1
51118059,1,3.78,3.39,3.40,3.35,3.09,3.36,3.59,0,1
51118060,0,3.45,3.38,3.35,2.86,2.34,2.75,2.76,0,0
51118061,0,3.58,3.53,3.51,1.89,2.98,3.29,3.71,0,1
51118062,1,3.96,3.79,3.63,3.49,3.35,3.61,3.46,0,1
51118063,1,3.38,3.29,3.31,3.65,3.44,3.64,3.41,0,1
51118064,1,3.54,3.43,3.57,3.77,3.64,3.61,3.49,0,1
51118065,0,3.00,3.41,3.73,2.86,3.63,3.37,3.41,1,1
51118066,0,3.24,3.39,3.01,3.11,2.89,3.32,3.42,1,1
51118067,0,3.42,3.28,3.55,3.48,3.55,3.68,3.71,1,1
51118068,0,3.46,3.50,3.70,3.58,3.40,3.61,3.59,1,1
51118069,0,3.64,3.68,2.13,3.41,3.38,3.46,3.53,1,1
51118070,1,2.74,3.25,3.17,3.08,3.10,3.18,3.52,1,1
51118072,0,3.53,3.51,3.35,3.44,3.33,3.54,3.55,1,1
51118073,1,3.79,3.63,3.70,3.45,3.36,3.57,3.66,1,1
51118074,1,3.29,3.31,2.50,3.77,3.67,3.68,3.49,1,1
51118075,1,3.43,3.57,3.33,3.59,3.43,3.64,3.53,1,1
51118076,1,3.41,3.73,3.17,2.85,2.99,2.75,3.60,1,1
51118077,0,3.39,3.01,2.00,2.88,3.10,3.61,3.41,1,1
51118078,1,3.28,3.55,3.28,0.69,0.29,1.00,1.93,1,0
51118079,1,3.50,3.70,2.67,3.63,3.11,3.25,3.38,1,1
51118080,1,3.68,2.13,3.35,2.50,2.80,2.89,2.94,1,0
51118081,1,3.25,3.17,3.29,3.69,3.36,3.57,3.45,1,1
51118082,0,3.93,3.92,3.00,3.25,0.21,1.36,1.68,1,0
51118083,0,3.50,2.49,3.00,3.20,1.86,3.14,2.72,1,0
51118084,0,3.31,3.55,3.38,3.44,3.14,3.46,3.29,1,1
51118085,0,3.32,3.70,2.69,3.32,3.42,3.29,3.16,1,1
51118086,0,3.14,3.42,3.33,2.34,2.63,3.57,3.23,1,1
51118087,0,3.56,2.88,3.40,2.47,2.22,3.25,3.11,0,0
51118088,0,3.47,3.46,3.60,2.99,2.93,3.54,3.23,1,1
51118089,0,3.61,3.64,2.40,3.33,3.32,3.46,3.45,1,1
51118090,0,3.05,3.22,2.00,3.38,2.80,3.64,3.48,1,1
51118091,0,3.57,3.24,2.83,3.10,2.99,3.43,3.41,1,1
51118092,0,2.79,2.98,2.75,2.84,2.61,3.29,3.09,1,0
51118093,0,3.75,2.99,3.60,2.64,2.30,2.79,1.44,1,0
51118094,0,3.79,2.87,3.00,3.57,3.76,3.75,3.58,1,1
51118095,0,3.21,3.15,2.04,3.56,3.35,3.25,3.23,1,1
51118096,0,3.86,3.24,3.80,2.67,1.83,1.64,2.86,0,0
51118097,0,3.16,3.12,2.85,3.27,3.15,3.16,3.31,1,1
51118098,1,3.46,2.88,3.55,2.92,2.60,2.29,3.20,0,0
51118099,0,3.38,2.98,3.35,2.91,3.10,3.18,3.20,0,1
51118100,1,3.29,2.88,3.15,3.44,3.47,3.57,3.19,0,1
51118101,1,3.31,3.13,3.10,3.19,3.27,3.43,3.41,0,1
51118102,1,3.50,2.93,3.08,3.74,3.77,3.68,3.64,0,1
51118103,0,3.40,3.21,3.30,3.38,3.31,3.36,3.38,0,1
51118105,1,2.00,3.18,3.23,3.31,3.18,3.57,3.45,0,1
51118106,1,3.72,3.21,3.45,2.77,3.08,3.25,3.21,0,1
51118107,1,2.00,2.82,2.81,3.42,3.14,3.43,3.34,0,0
51118108,1,2.30,3.00,3.45,3.05,2.50,2.79,2.98,1,0
51118109,1,2.65,2.86,3.19,2.55,3.61,2.60,3.50,1,0
51118110,0,3.50,2.68,2.07,2.81,3.63,2.60,3.59,1,0
51118111,0,2.00,3.14,3.05,2.00,3.16,2.43,3.32,1,0
51118112,1,2.00,3.21,3.57,3.50,3.57,3.74,3.79,1,1
51118113,1,2.00,2.89,3.33,3.41,2.91,3.49,3.25,1,1
51118114,0,2.00,3.00,3.33,3.63,3.51,3.58,3.29,1,1
51118116,0,2.86,3.32,3.44,3.43,3.94,3.81,3.82,1,1
51118117,1,2.00,3.43,2.91,2.79,2.68,3.45,2.91,1,0
51118118,1,2.54,3.43,2.81,2.55,2.78,2.21,3.07,1,0
51118119,1,2.73,2.96,3.09,2.03,2.00,3.03,3.16,1,0
51118120,0,2.42,2.79,2.67,2.00,2.00,2.00,2.59,1,0
51118121,0,3.39,3.29,3.40,3.36,2.68,3.51,3.43,1,1
51118122,0,3.68,2.57,3.19,3.51,3.59,3.60,3.64,1,1
51118123,0,3.79,2.61,3.57,3.57,3.15,3.78,3.39,1,1
51118125,1,3.75,2.68,3.44,3.44,3.21,3.45,3.38,1,1
51118126,1,3.58,2.68,3.44,3.13,2.74,3.58,3.53,1,1
51118127,1,2.50,3.59,3.60,3.74,3.60,3.96,3.79,1,1
51118128,1,3.45,3.15,3.03,3.01,3.19,3.38,3.29,1,1
51118129,1,3.68,3.21,3.01,3.24,3.00,3.54,3.43,1,1
51118130,1,3.16,2.74,2.64,2.63,2.49,3.00,3.41,1,0
51118131,0,3.28,3.60,2.00,2.00,2.38,3.24,3.39,1,0
51118132,1,2.96,3.19,3.02,2.84,3.71,3.42,3.28,1,1
51118133,1,3.58,3.00,3.19,3.24,2.22,3.46,3.50,1,1
51118134,1,3.46,2.49,3.25,3.35,2.00,3.64,3.68,1,1
51118135,1,3.53,3.57,3.32,2.00,3.50,2.74,3.25,1,1
51118136,1,3.75,3.44,3.35,3.30,3.57,3.61,3.93,1,1
51118137,1,3.34,3.44,3.01,2.89,2.00,3.44,3.50,1,1
51118138,1,3.38,3.60,2.86,3.19,2.00,3.15,3.31,1,1
51118139,0,3.66,3.03,2.68,2.75,2.00,3.08,3.32,1,0
51118140,0,3.77,3.01,3.15,2.11,2.00,3.06,3.14,1,0
51118141,0,3.31,3.32,3.14,3.35,2.36,3.51,3.56,1,1
51118142,1,3.18,2.34,2.98,3.39,2.83,3.41,3.47,1,1
51118143,0,3.08,2.47,3.13,2.66,2.88,2.73,3.61,1,0
51118144,0,3.14,2.99,3.07,2.00,2.46,2.00,3.05,1,0
51118145,1,2.50,3.33,3.22,2.58,3.11,2.97,3.57,1,1
51118146,0,3.61,3.38,3.23,2.63,2.89,2.86,2.79,1,1
51118147,0,3.63,3.10,3.19,3.23,3.34,3.54,3.75,1,1
51118148,0,3.16,2.84,2.33,3.08,2.34,2.34,3.79,1,0
51118149,1,3.57,2.64,3.23,3.10,3.98,2.68,3.21,1,1
51118150,1,2.91,3.57,3.16,3.30,3.42,3.59,3.86,1,1
51118151,1,3.51,3.24,2.91,3.04,3.50,3.15,3.16,1,1
51118152,0,2.83,3.41,3.17,2.81,2.98,3.21,3.46,1,1
51118153,0,2.88,2.73,3.20,3.39,3.23,2.74,3.38,1,1
41115102,0,3.79,3.88,3.83,3.50,3.51,3.71,3.71,1,1
41115048,1,3.29,3.58,3.36,3.68,3.71,3.57,3.63,1,1
41115022,0,3.67,2.50,2.75,3.43,3.35,3.36,3.21,1,1
41115023,0,3.58,3.45,3.58,3.39,3.50,3.56,3.67,1,1
41115106,0,3.53,3.68,3.71,3.32,3.41,3.50,3.54,1,1
41115068,1,2.65,3.16,3.21,3.32,3.44,3.47,3.58,1,1
41115014,1,2.88,3.28,3.22,3.75,3.75,3.82,3.75,1,1
41115030,0,2.54,2.96,2.00,3.46,3.43,3.19,3.42,1,1
41115042,1,3.43,3.58,2.76,3.29,3.43,3.54,3.67,1,1
41115122,1,3.21,3.46,2.00,3.82,3.55,3.75,3.92,1,1
41115098,1,2.98,3.53,2.87,3.50,3.49,3.56,3.67,1,1
41115054,1,2.76,3.75,3.58,3.79,3.54,3.72,3.58,1,1
41115094,0,2.65,3.34,3.09,3.36,3.59,3.61,3.67,1,1
41115114,1,2.54,3.38,3.68,2.75,2.76,3.21,3.22,1,1
41115109,1,3.46,3.66,3.75,3.29,3.71,3.68,2.75,1,1
41115078,0,3.24,3.60,3.53,3.61,3.46,3.56,3.67,1,1
41115045,1,3.04,3.75,3.61,3.64,3.41,3.61,3.63,1,1
41115101,1,3.07,3.58,3.67,3.61,3.49,3.57,3.63,1,1
41115029,0,2.67,2.64,2.86,3.37,3.41,3.50,3.71,1,1
41115103,1,2.98,3.50,3.57,3.32,3.42,3.56,3.71,1,1
41115099,0,3.14,3.49,3.67,3.68,3.71,3.86,3.63,1,1
41115006,1,2.98,3.53,3.75,3.61,3.59,3.56,3.67,1,1
41115019,1,3.13,3.65,3.53,3.09,3.21,3.41,3.25,1,1
41115090,0,4.00,3.77,3.78,3.44,3.18,3.49,3.43,1,1
41115118,1,3.07,3.13,3.11,3.18,3.97,3.34,3.36,1,1
41115021,0,3.11,3.58,3.06,3.47,3.36,3.38,2.57,1,1
41115011,1,3.43,3.89,3.63,3.26,2.86,3.45,3.36,1,1
41115081,0,3.03,3.35,3.41,2.81,2.86,3.34,3.64,1,1
41115072,0,3.09,3.71,3.57,3.48,3.29,3.53,3.57,1,1
41115052,1,3.91,3.50,3.34,3.15,3.07,3.08,3.43,1,1
41115111,1,3.58,2.51,3.53,3.63,3.11,3.41,3.82,1,1
41115004,1,3.43,3.35,3.84,3.60,3.17,3.00,3.92,1,1
41115097,1,3.74,3.49,3.63,3.35,2.79,3.45,3.39,1,1
41115031,0,3.55,3.10,3.85,3.19,3.64,3.38,3.61,1,1
41115070,1,3.61,2.60,3.70,3.30,3.29,3.45,3.61,1,1
41115017,1,3.63,2.60,3.53,3.64,3.07,3.00,3.96,1,1
41115104,0,3.16,2.43,3.86,3.86,3.26,3.00,3.75,1,1
41115053,1,3.57,3.74,3.64,3.23,3.04,3.23,3.57,1,1
41115036,1,2.91,3.49,3.50,3.13,3.25,3.34,3.50,1,1
41115033,0,3.51,3.58,2.44,2.93,2.82,3.23,2.50,1,1
41115057,0,3.94,3.81,3.74,3.49,3.43,3.53,3.50,1,1
41115075,1,2.68,3.45,3.83,3.61,3.61,3.41,3.68,1,1
41115120,0,2.78,2.21,3.76,3.36,3.36,3.49,3.57,1,1
41115020,1,2.00,3.03,3.59,3.22,2.64,3.04,3.25,1,0
41115046,1,2.00,2.00,3.80,3.49,3.04,3.38,3.82,1,1
41115089,1,2.68,3.51,3.52,2.91,3.00,3.34,3.43,1,1
41115060,1,3.59,3.60,3.44,3.78,3.57,3.60,3.89,1,1
41115055,0,3.15,3.78,3.58,2.77,3.07,3.34,3.71,1,1
41115032,1,3.21,3.45,3.43,3.60,4.00,3.49,3.86,1,1
41115079,1,2.74,3.58,3.74,3.38,2.86,3.34,3.89,1,1
41115066,1,3.24,3.49,3.55,3.10,3.66,3.70,3.63,1,1
41115044,1,3.21,3.30,3.61,3.74,3.91,3.66,3.79,1,1
41115028,1,3.22,3.70,3.63,3.48,3.81,3.74,3.58,1,1
41115110,1,2.00,3.58,3.16,3.23,3.50,3.48,3.46,1,1
41115002,0,3.46,3.50,3.57,3.48,3.84,3.71,3.67,1,1
41115093,1,3.24,3.68,2.91,3.11,3.64,2.95,3.61,1,1
41115086,1,3.42,3.55,3.51,3.04,3.22,3.56,3.71,1,1
41115080,1,3.34,3.65,3.94,3.70,3.78,4.00,3.79,1,1
41115008,0,3.56,3.46,3.50,3.31,3.22,3.34,3.42,1,1
41115084,0,3.66,3.89,2.33,2.00,2.00,2.56,3.04,1,0
41115025,1,3.68,3.71,3.23,3.35,3.24,3.49,3.75,1,1
41115123,0,3.42,3.93,3.35,3.01,3.21,3.30,3.21,1,1
41115115,1,2.00,2.10,3.33,3.15,3.22,3.70,3.79,1,1
41115059,0,3.46,3.60,3.24,2.98,2.00,3.58,3.29,1,1
41115065,0,3.24,3.50,3.45,3.18,3.46,3.50,3.67,1,1
41113071,0,3.44,3.96,3.33,3.51,3.24,3.68,3.58,1,1
41115105,1,3.08,3.38,3.39,3.04,3.11,3.58,3.47,1,1
41115096,1,3.65,3.45,3.49,3.66,3.43,3.89,3.19,1,1
41115077,1,3.24,3.64,3.02,2.74,3.03,3.35,3.93,1,1
41115058,0,3.46,3.33,3.39,3.44,3.09,3.71,3.25,1,1
41115043,1,3.67,3.50,3.76,3.51,3.91,3.50,3.63,1,1
41115074,1,3.61,3.65,2.27,2.00,3.58,2.51,3.41,1,1
41115092,1,3.71,3.38,2.92,2.23,3.43,3.35,3.55,1,1
41115049,0,3.79,3.93,3.50,3.24,3.74,3.49,2.73,1,1
41115047,1,3.42,3.41,2.27,2.00,3.55,3.10,3.73,1,1
41115027,0,3.04,3.54,3.19,2.55,3.61,2.60,3.76,1,1
41115116,0,3.75,3.55,2.07,2.81,3.63,2.60,3.16,1,1
41115050,0,3.21,3.50,3.05,2.00,3.16,2.43,3.78,1,1
41115132,0,3.79,3.88,3.57,3.50,3.57,3.74,2.75,1,1
41115061,1,3.29,3.58,3.33,3.41,2.91,3.49,3.72,1,1
41115134,0,3.67,2.50,3.33,3.63,3.51,3.58,2.65,1,1
41115016,1,3.58,3.45,3.44,3.43,3.94,3.81,2.88,1,1
41115130,1,3.53,3.68,2.91,2.79,2.68,3.45,3.77,1,1
41115056,1,2.65,3.16,2.81,2.55,2.78,2.21,3.55,1,0
41115135,0,2.88,3.28,3.09,2.03,2.00,3.03,3.20,1,0
41115007,1,2.54,2.96,2.67,2.00,2.00,2.00,3.88,1,0
41115083,1,3.43,3.58,3.40,3.36,2.68,3.51,3.75,1,1
41115119,0,3.21,3.46,3.19,3.51,3.59,3.60,3.73,1,1
41115051,1,2.98,3.53,3.57,3.57,3.15,3.78,3.57,1,1
41115112,0,2.76,3.75,3.44,3.44,3.21,3.45,3.24,1,1
41115133,0,2.65,3.34,3.44,3.13,2.74,3.58,3.72,1,1
41115071,1,2.54,3.38,3.60,3.74,3.60,3.96,3.31,1,1
41115127,0,3.46,3.66,3.03,3.01,3.19,3.38,3.65,1,1
41115015,0,3.24,3.60,3.01,3.24,3.00,3.54,3.38,1,1
41115040,1,3.04,3.75,2.64,2.63,2.49,3.00,2.83,1,0
41113057,0,3.27,3.18,2.00,2.00,2.38,3.24,3.75,1,0
41115041,1,3.33,3.25,3.02,2.84,3.71,3.42,3.10,1,1
41115062,0,2.78,2.93,3.19,3.24,2.22,3.46,3.34,1,1
41115037,1,3.33,3.21,3.25,3.35,2.00,3.64,3.72,1,1
41115129,0,3.26,3.18,3.32,2.00,3.50,2.74,3.58,1,1
41115082,0,3.32,3.21,3.35,3.30,3.57,3.61,3.61,1,1
41115073,1,2.65,2.82,3.01,2.89,2.00,3.44,3.90,1,0
41115128,1,3.01,3.00,2.86,3.19,2.00,3.15,0.68,1,0
41115063,1,2.14,2.86,2.68,2.75,2.00,3.08,3.14,1,0
41115018,1,3.30,2.68,3.15,2.11,2.00,3.06,3.48,1,0
41115131,1,2.44,3.14,3.14,3.35,2.36,3.51,3.60,1,1
41115117,0,3.43,3.21,2.98,3.39,2.83,3.41,3.38,1,1
41115064,1,2.91,2.89,3.13,2.66,2.88,2.73,3.10,1,0
41115085,0,2.98,3.00,3.07,2.00,2.46,2.00,3.74,1,0
41115076,1,3.84,3.32,3.22,2.58,3.11,2.97,3.48,1,1
41115069,1,3.31,3.43,3.23,2.63,2.89,2.86,3.23,1,1
41115126,1,3.59,3.43,3.19,3.23,3.34,3.54,3.48,1,1
41115125,1,3.52,2.96,2.33,3.08,2.34,2.34,3.11,1,0
41115039,1,3.28,2.79,3.23,3.10,3.98,2.68,3.04,1,1
41115121,0,3.57,3.29,3.16,3.30,3.42,3.59,3.70,1,1
41115091,0,2.65,2.57,2.91,3.04,3.50,3.15,3.31,1,1
41115003,1,3.09,2.61,3.17,2.81,2.98,3.21,2.00,1,0
41115005,1,2.64,2.68,3.31,3.24,3.50,2.74,3.35,1,1
41115038,1,3.15,2.82,3.55,3.44,3.96,3.60,3.01,1,1
41115088,1,2.58,2.93,3.00,3.08,3.38,3.58,3.15,1,1
41115113,1,3.45,3.36,3.40,3.65,3.45,3.46,2.98,1,1
41115001,0,2.88,3.07,3.40,3.24,3.64,3.53,3.18,1,1
41115124,1,2.61,2.89,3.36,3.46,3.33,3.75,3.51,1,1
41115067,1,3.06,2.86,3.24,3.67,3.50,3.34,3.09,1,1
41115095,1,3.20,3.43,3.40,3.61,3.65,3.38,3.40,1,1
41115009,1,2.65,3.21,3.59,3.71,3.38,3.66,3.35,1,1
41115010,0,3.15,2.98,3.85,3.79,3.93,3.60,3.51,1,1
41115034,1,2.96,2.76,3.35,3.42,3.41,3.75,3.63,1,1
41115012,1,2.41,2.65,3.16,3.04,3.54,3.58,3.36,1,1
41115026,0,3.44,2.54,3.38,3.75,3.55,2.64,2.00,1,1
41115035,1,3.33,3.46,3.44,3.21,3.50,3.50,3.50,1,1
41115013,1,3.00,3.24,3.70,3.79,3.88,3.49,3.31,1,1
41115136,0,2.34,3.04,3.43,3.29,3.58,3.53,3.55,1,1
41115107,0,3.48,3.07,2.51,3.67,2.50,3.65,3.00,1,1
41113041,0,2.00,2.67,3.23,3.58,3.45,3.77,3.40,1,1
41112060,1,3.21,2.98,3.04,3.53,3.68,2.66,3.40,1,1
41115024,1,3.09,3.14,2.60,2.65,3.16,2.98,3.36,1,0
41109037,0,3.24,2.98,2.88,2.88,3.28,3.25,3.78,1,1
41114147,1,3.20,3.13,2.00,2.54,2.96,3.12,2.65,1,0
41116037,0,3.94,3.76,3.46,2.61,2.66,2.86,3.82,1,1
41116006,1,3.88,3.78,3.75,3.00,3.45,3.14,3.54,1,1
41116050,1,3.68,3.03,3.14,3.18,3.38,3.32,3.64,1,1
41116112,1,2.55,3.00,2.04,3.25,3.45,3.25,3.61,1,1
41116035,0,3.45,3.69,3.61,2.93,3.08,3.07,3.54,1,1
41116008,1,3.63,3.05,3.07,3.21,3.30,3.21,2.93,1,1
41116108,0,3.90,3.75,3.75,3.18,3.23,3.21,3.79,1,1
41116114,0,3.88,3.73,3.68,3.21,3.45,3.36,3.50,1,1
41116034,0,3.75,3.84,3.61,2.82,2.81,2.79,3.54,1,1
41116009,0,3.31,2.60,3.11,3.00,3.45,3.32,3.68,1,1
41116048,1,3.39,3.47,3.39,2.86,3.00,2.79,3.82,1,1
41116016,1,3.66,3.22,3.36,2.68,2.55,3.54,3.59,1,1
41116056,0,3.44,3.53,3.29,3.14,3.26,3.61,3.71,1,1
41116115,0,3.01,3.27,3.29,3.21,3.45,3.25,3.64,1,1
41116043,0,3.09,3.50,3.57,2.89,2.96,2.71,3.46,1,1
41116045,1,1.97,0.76,3.11,3.00,3.15,3.00,3.39,1,0
41116059,0,1.61,1.93,2.14,3.32,3.49,3.46,3.71,1,0
41116072,0,3.49,3.34,3.43,3.43,3.30,3.14,3.39,1,1
41116014,1,3.24,2.93,3.32,3.43,3.60,3.36,3.79,1,1
41116055,1,3.34,3.28,3.50,2.96,3.15,2.07,3.56,1,1
41116113,0,3.33,3.57,3.64,2.79,2.00,2.68,3.72,1,1
41116067,0,3.86,3.33,3.14,3.29,3.34,3.57,3.63,1,1
41116040,1,3.67,3.56,3.43,2.57,3.34,2.93,3.71,1,1
41116042,1,3.74,3.80,3.64,2.61,3.19,3.36,3.57,1,1
41117066,0,3.32,3.47,3.14,2.68,3.11,2.57,3.36,1,1
41117027,0,3.41,3.43,3.36,2.82,3.41,2.82,2.86,1,1
41117002,1,2.90,2.69,3.29,2.93,2.48,2.21,3.39,1,0
41117067,1,3.69,3.51,3.36,3.36,3.45,3.75,3.29,1,1
41117044,1,2.55,1.83,2.32,3.07,3.11,2.64,3.32,1,0
41117054,1,1.63,3.10,3.04,2.89,3.19,3.32,2.50,1,0
41117016,1,3.76,3.70,3.64,2.86,3.19,2.96,2.64,1,1
41117009,1,3.49,3.32,3.39,3.04,2.33,2.50,3.04,1,1
41117053,1,3.17,3.17,3.68,2.86,3.15,2.93,2.61,1,1
41117045,1,3.01,2.41,2.93,3.39,3.53,3.79,2.82,1,1
41117074,1,3.61,3.91,3.46,3.29,3.30,2.00,2.89,1,1
41117014,1,2.41,1.66,1.54,3.32,3.23,3.32,3.71,1,0
41117015,1,3.49,3.02,3.43,2.50,3.38,2.79,3.42,1,1
41117073,1,2.88,1.65,1.32,2.64,3.30,3.79,3.75,1,0
41117069,1,2.24,2.32,3.21,3.04,3.30,3.82,3.63,1,1
41117010,0,3.95,3.93,3.82,2.61,3.19,3.25,3.71,1,1
41117007,1,3.61,3.67,3.43,2.82,3.19,3.39,3.67,1,1
41117025,1,3.49,3.44,3.32,2.89,3.34,3.29,0.67,1,0
41117047,1,3.34,3.73,3.46,2.71,3.04,3.04,3.75,1,1
41117020,0,3.58,3.48,3.46,2.68,3.11,3.04,3.83,1,1
41117019,0,3.02,2.47,2.68,2.86,3.23,3.43,3.63,1,1
41117034,0,3.06,2.92,3.07,3.21,3.26,3.04,3.63,1,1
41117003,1,3.41,3.11,3.29,2.89,3.38,3.32,3.79,1,1
41117012,0,3.69,3.44,3.29,2.36,3.08,3.43,3.71,1,1
41117063,0,3.41,3.16,3.04,3.96,3.49,3.79,3.63,1,1
41117039,1,3.60,3.82,3.68,2.18,2.74,2.68,3.21,1,1
41117021,1,3.43,3.24,3.36,3.04,3.23,3.68,3.15,1,1
41117077,0,2.99,3.47,3.79,2.86,3.41,3.54,3.53,1,1
41117008,0,3.53,3.51,3.35,3.31,3.13,3.10,3.30,1,1
41117059,0,3.79,3.63,3.70,3.50,2.93,3.08,3.23,1,1
41117084,0,3.29,3.31,2.50,3.40,3.21,3.30,3.38,1,1
41117058,1,3.43,3.57,3.33,2.00,3.18,3.23,3.30,1,1
41117041,1,3.41,3.73,3.17,3.72,3.21,3.45,3.30,1,1
41117001,1,3.39,3.01,2.00,2.00,2.82,2.81,3.19,1,0
41117004,1,3.28,3.55,3.28,2.30,3.00,3.45,3.19,1,1
41117061,1,3.50,3.70,2.67,2.65,2.86,3.00,3.34,1,1
41117026,1,3.68,2.13,3.35,3.50,2.68,2.55,3.45,1,1
41117080,0,3.25,3.17,3.29,2.00,3.14,3.26,3.63,1,1
41117006,1,3.93,3.92,3.00,2.00,3.21,3.45,4.00,1,1
41117046,1,3.50,2.49,3.00,2.00,2.89,2.96,3.75,1,0
41117056,0,3.31,3.55,3.38,2.00,3.00,3.15,3.90,1,1
41117060,1,3.32,3.70,2.69,2.86,3.32,3.49,3.80,1,1
41117017,1,3.14,3.42,3.33,2.00,3.43,3.30,2.18,1,0
41117048,1,3.56,2.88,3.40,2.54,3.43,3.60,3.50,1,1
41117023,1,3.47,3.46,3.60,2.73,2.96,3.15,3.85,1,1
41117065,1,3.61,3.64,2.40,2.42,2.79,2.00,3.63,1,0
41117036,1,3.05,3.22,2.00,3.39,3.29,3.34,3.69,1,1
41117075,1,3.57,3.24,2.83,3.68,2.57,3.34,3.50,1,1
41117028,1,2.79,2.98,2.75,3.79,2.61,3.19,3.90,1,1
41117064,1,3.75,2.99,3.60,3.75,2.68,3.11,3.75,1,1
41117070,1,3.79,2.87,3.00,3.68,2.82,3.41,3.30,1,1
41117076,1,3.21,3.15,2.04,3.43,2.93,2.48,2.00,1,0
41117030,1,3.86,3.24,3.80,3.54,3.36,3.45,2.83,1,1
41117042,1,3.16,3.12,2.85,3.25,3.07,3.11,2.75,1,1
41117024,1,3.46,2.88,3.55,3.61,2.89,3.19,3.60,1,1
41117005,0,3.38,2.98,3.35,3.79,2.86,3.19,3.00,0,1
41117029,1,3.29,2.88,3.15,3.68,3.04,2.33,2.04,0,0
61117002,1,3.65,3.43,0.47,2.79,3.15,3.90,3.67,0,1
61117003,0,3.55,2.98,3.17,2.78,3.09,3.88,3.83,0,1
61117005,0,3.40,3.58,3.12,3.33,3.51,3.94,4.00,0,1
61117006,1,3.90,3.88,3.67,3.65,3.90,3.98,4.00,0,1
61117007,1,3.53,3.50,3.00,2.59,1.65,3.52,2.99,0,0
61117010,0,3.80,3.80,3.42,3.51,3.70,3.85,3.96,0,1
61117011,0,3.63,3.63,3.45,3.10,3.08,3.53,3.92,0,1
61117012,0,3.33,3.58,3.37,3.05,3.09,3.68,3.92,0,1
61117013,0,3.93,3.98,3.63,3.70,3.69,3.38,3.96,0,1
61117014,0,3.90,3.85,3.71,3.65,3.80,3.95,4.00,0,1
61117015,1,3.63,3.60,3.50,3.68,3.64,3.84,4.00,0,1
61117017,1,3.90,3.80,3.71,3.75,3.93,3.96,3.96,0,1
61117019,1,3.48,3.33,3.49,3.48,3.46,3.93,3.96,0,1
61117020,1,2.98,3.00,3.33,3.36,3.20,3.79,3.65,0,1
61117021,0,2.95,3.45,3.07,2.25,0.00,0.00,0.00,0,0
61117024,0,2.58,3.55,2.45,3.30,3.25,3.00,2.58,0,0
61117025,0,0.95,1.63,1.88,0.00,0.39,0.00,0.00,0,0
61117028,0,3.75,3.85,3.49,3.23,3.33,4.00,4.00,0,1
61117029,0,3.88,3.78,3.55,3.73,3.70,3.91,3.79,0,1
61117031,1,3.73,3.85,3.70,3.61,3.70,3.93,3.71,0,1
61117032,0,3.33,3.25,2.99,3.10,2.63,3.21,3.46,0,1
61117033,1,3.80,3.68,3.09,0.00,3.15,3.47,3.20,0,0
61117034,1,3.53,3.65,3.25,2.94,3.16,3.72,3.88,0,1
61117035,0,3.75,3.60,3.43,2.73,3.24,3.64,3.71,0,1
61117036,1,3.48,3.43,3.12,2.28,3.71,3.94,3.63,0,1
61117039,0,2.88,0.00,1.31,0.00,0.00,0.00,0.00,0,0
61117040,1,3.65,3.43,3.49,3.41,3.58,3.89,3.96,0,1
61117041,1,3.70,3.68,3.61,3.64,3.73,3.88,3.92,0,1
61117042,1,3.45,0.00,3.60,3.29,3.44,3.80,0.00,1,0
61117043,1,0.60,0.00,0.33,0.00,0.15,1.94,0.00,1,0
61117044,0,3.63,3.33,3.26,3.46,3.54,3.91,3.83,1,1
61117045,0,3.63,3.68,3.49,3.56,3.66,3.95,3.83,1,1
61117048,0,3.58,3.30,3.12,2.50,3.03,2.82,3.38,1,1
61117049,1,3.73,3.45,3.49,3.73,3.94,3.88,3.75,1,1
61117050,1,3.18,3.30,3.24,3.11,2.25,3.79,2.38,1,1
61117051,0,3.43,3.48,3.50,3.49,3.48,3.89,3.79,1,1
61117052,1,3.18,2.80,2.00,1.25,1.64,3.42,3.51,1,0
61117053,1,3.45,3.60,3.50,3.53,3.39,3.91,3.83,1,1
61117054,1,3.60,3.60,3.42,3.46,3.53,3.94,3.88,1,1
61117056,0,3.65,2.80,3.38,3.48,3.59,3.95,3.75,1,1
61117057,1,3.60,1.90,3.07,2.40,2.69,3.24,3.31,1,0
61117059,0,3.15,3.15,3.25,3.38,3.16,3.75,2.79,1,1
61117060,0,3.63,3.60,3.54,3.56,3.36,3.80,3.92,1,1
61117061,0,3.78,3.60,3.55,3.59,3.71,3.91,3.92,0,1
61117062,0,3.05,2.60,2.97,3.40,3.44,3.59,3.36,0,1
61117063,1,3.73,2.60,2.79,2.41,3.06,3.54,3.11,0,1
61117066,0,3.65,3.75,3.54,3.21,3.58,3.88,3.63,0,1
61117067,1,3.93,3.48,3.08,1.23,2.60,3.54,3.54,0,1
61117069,0,4.00,4.00,3.80,4.00,3.98,4.00,4.00,0,1
61117070,0,3.73,3.75,3.21,3.33,3.49,3.90,3.63,0,1
61117071,1,3.58,3.65,3.30,0.00,3.18,3.63,3.63,1,0
61117072,0,3.38,3.00,3.09,2.91,3.19,2.99,3.50,1,1
61117073,1,3.93,3.75,3.64,3.75,3.90,3.91,4.00,1,1
61117074,0,4.00,3.58,0.00,0.00,0.00,0.00,0.00,1,0
61117075,0,3.23,2.85,2.47,2.46,2.85,3.35,3.21,1,0
61117076,1,2.90,0.00,2.15,2.50,2.96,2.12,2.40,1,0
61117077,1,3.78,3.80,3.54,3.50,3.78,3.96,3.92,1,1
61117079,1,3.35,3.15,0.00,0.00,3.34,2.34,2.93,1,0
61117081,1,3.35,3.18,2.96,2.69,2.65,2.66,3.46,1,0
61117087,0,3.70,3.75,3.57,3.63,3.38,3.90,3.96,1,1
